Sku_id,Category,name,mrp,discountPercent,availableQuantity,discountedSellingPrice,weightInGms,outOfStock,quantity
1,Fruits & Vegetables,Onion,2500,16,3,2100,1000,FALSE,1
2,Fruits & Vegetables,Parsley,1700,17,3,1400,100,FALSE,100
3,Cooking Essentials,Fortune Soyabean Oil,21000,13,0,18100,1000,TRUE,1
4,Fruits & Vegetables,Ridge Gourd,3000,16,3,2500,500,FALSE,500
5,Fruits & Vegetables,Tomato Hybrid,4200,16,3,3500,1000,FALSE,1
6,Fruits & Vegetables,Papaya Cut,4600,15,3,3900,200,FALSE,200
7,Fruits & Vegetables,Zama Organics Carrot,2000,15,3,1700,250,FALSE,250
8,Fruits & Vegetables,Pomegranate Peeled,5800,15,2,4900,100,FALSE,100
9,Fruits & Vegetables,Tender Coconut,5100,15,3,4300,58,FALSE,1
10,Fruits & Vegetables,Coriander Leaves,2000,15,3,1700,100,FALSE,100
11,Fruits & Vegetables,Ladies Finger ,1400,14,3,1200,250,FALSE,250
12,Cooking Essentials,Maggi Masala Ae Magic,5800,6,0,5400,72,TRUE,72
13,Cooking Essentials,Aashirvaad Iodised Salt ,2200,13,0,1900,1000,TRUE,1
14,Fruits & Vegetables,Potato,3500,17,3,2900,1000,FALSE,1
15,Fruits & Vegetables,Lemon,7500,16,3,6300,200,FALSE,200
16,Fruits & Vegetables,Pear Green Imported,8200,15,3,6900,116,FALSE,2
17,Cooking Essentials,Maggi 2-Minute Instant Noodles - Masala,4400,0,0,4400,280,TRUE,280
18,Cooking Essentials,Popular Essentials Phool Makhana (Jumbo Size),15000,14,0,12800,100,TRUE,100
19,Fruits & Vegetables,Watermelon ,5800,15,3,4900,58,FALSE,1
20,Fruits & Vegetables,Capsicum Green ,2300,17,3,1900,250,FALSE,250
21,Fruits & Vegetables,Safal Frozen - Mixed Vegetables,11000,4,2,10500,1000,FALSE,1
22,Fruits & Vegetables,Chilli Green ,1900,15,3,1600,100,FALSE,100
23,Cooking Essentials,Aashirvaad Atta With Mutigrains,31500,8,0,28700,5000,TRUE,5
24,Cooking Essentials,Tata Sampann Poha,4400,6,0,4100,500,TRUE,500
25,Fruits & Vegetables,Guava Thai,7000,15,3,5900,116,FALSE,2
26,Fruits & Vegetables,Banana Robusta,2900,17,3,2400,348,FALSE,6
27,Fruits & Vegetables,Zama Organics Sweet Potato,3700,16,3,3100,250,FALSE,250
28,Fruits & Vegetables,Garlic Indian ,1100,18,3,900,100,FALSE,100
29,Cooking Essentials,Fortune Besan Flour,12000,0,0,12000,1000,TRUE,1
30,Fruits & Vegetables,Beetroot,1600,18,3,1300,500,FALSE,500
31,Fruits & Vegetables,Cauliflower,2600,15,3,2200,58,FALSE,1
32,Cooking Essentials,Popular Essentials Toor Dal (Un-Polished),8000,7,0,7400,500,TRUE,500
33,Cooking Essentials,Tata Salt Lite,4000,10,6,3600,1000,FALSE,1
34,Fruits & Vegetables,Lettuce Red,2000,15,3,1700,100,FALSE,100
35,Cooking Essentials,24 Mantra Organic Puffed Rice,4000,2,6,3900,200,FALSE,200
36,Cooking Essentials,Saffola Gold Oil (Pouch),21500,0,6,21500,1000,FALSE,1
37,Fruits & Vegetables,Mango Raw,6000,16,3,5000,500,FALSE,500
38,Cooking Essentials,Fortune Sunlite Refined Sunflower (Jar),92500,0,6,92500,5000,FALSE,5
39,Cooking Essentials,Fortune Rice Bran (Pouch),22500,11,6,19900,1000,FALSE,1
40,Cooking Essentials,Dhara Filtered Groundnut Oil (Jar),105000,1,6,103500,5000,FALSE,5
41,Cooking Essentials,Pillsbury Choco Chip Pancake Mix,9900,5,6,9400,165,FALSE,165
42,Cooking Essentials,Hershey's Caramel Syrup,23000,0,1,23000,623,FALSE,623
43,Cooking Essentials,Pillsbury Multi Grain Atta,6000,6,3,5600,1000,FALSE,1
44,Cooking Essentials,McCain New Mini Samosa with Cheese Corn Style Filling,12000,1,2,11800,240,FALSE,240
45,Cooking Essentials,Satyam Puffed Rice Kurmura (A),4300,0,6,4300,200,FALSE,200
46,Cooking Essentials,Saffola Active Oil,21000,0,6,21000,1000,FALSE,1
47,Cooking Essentials,MTR 3 Min Poha,2500,0,6,2500,60,FALSE,60
48,Cooking Essentials,Everest Tikhalal Hot & Red Chilly Powder,4700,2,0,4600,100,TRUE,100
49,Cooking Essentials,Ching's Manchurian Instant Noodles,1500,0,5,1500,60,FALSE,60
50,Cooking Essentials,Amul Pure Ghee (Pouch),50500,1,2,49900,1000,FALSE,1
51,Cooking Essentials,Everest Pav Bhaji Masala,7000,0,2,7000,100,FALSE,100
52,Cooking Essentials,Hershey's Chocolate Flavour Syrup,22000,6,6,20500,623,FALSE,680
53,Cooking Essentials,Popular Essentials Chia Seeds,5000,2,0,4900,100,TRUE,100
54,Cooking Essentials,Aashirvaad Atta,46000,13,6,39900,10000,FALSE,10
55,Fruits & Vegetables,Biryani /Pulav Mix,5800,15,3,4900,250,FALSE,250
56,Cooking Essentials,Tata Sampann Unpolished Toor Dal/Arhar Dal,17900,1,0,17700,1000,TRUE,200
57,Cooking Essentials,Popular Essentials Dhania (Coriander Seeds),5500,16,4,4600,200,FALSE,200
58,Cooking Essentials,24 Mantra Organic Wheat Daliya ,4800,2,2,4700,500,FALSE,500
59,Cooking Essentials,24 Mantra Red Chilly Whole,7000,7,1,6500,100,FALSE,100
60,Cooking Essentials,Popular Essentials Toor Dal (Un-Polished),16000,6,4,14900,1000,FALSE,1
61,Fruits & Vegetables,Banana Nendran,5400,16,6,4500,500,FALSE,500
62,Cooking Essentials,Dabur Honey - World's No.1,12000,0,6,12000,250,FALSE,250
63,Fruits & Vegetables,Pumpkin Cut,3000,16,3,2500,200,FALSE,200
64,Fruits & Vegetables,Ginger,1400,14,3,1200,200,FALSE,200
65,Cooking Essentials,24 Mantra Organic Ragi Flour,6500,20,4,5200,500,FALSE,500
66,Fruits & Vegetables,Spinach,1900,15,3,1600,250,FALSE,250
67,Cooking Essentials,Fortune Soya Health Refined Soybean Oil,21000,1,2,20600,1000,FALSE,1
68,Cooking Essentials,Everest Coriander Powder,3200,3,0,3100,100,TRUE,100
69,Fruits & Vegetables,Muskmelon,4200,16,3,3500,58,FALSE,1
70,Cooking Essentials,Satyam Thin Poha Patla,3800,7,0,3500,500,TRUE,500
71,Fruits & Vegetables,Cabbage ,1500,13,3,1300,58,FALSE,1
72,Cooking Essentials,Popular Essentials Sona Masouri Raw Rice,7500,0,0,7500,1000,TRUE,1
73,Fruits & Vegetables,Methi,3000,16,3,2500,250,FALSE,250
74,Cooking Essentials,Praakritik Organic Natural Wild Forest Honey,16000,6,4,15000,200,FALSE,200
75,Cooking Essentials,Tata Sampann High Protien Chana Dal - Split,6400,0,0,6400,500,TRUE,500
76,Cooking Essentials,Amul Ghee (Tin),52000,2,6,50900,1000,FALSE,1
77,Fruits & Vegetables,Broccoli,3600,16,3,3000,500,FALSE,500
78,Fruits & Vegetables,Sapota,3000,16,3,2500,348,FALSE,6
79,Cooking Essentials,Amul Fresh Cream,19700,3,3,19100,1000,FALSE,1
80,Cooking Essentials,Everest Tandoori Chicken Masala,3900,2,5,3800,50,FALSE,50
81,Cooking Essentials,Popular Essentials Dry Dates (Kharak),14000,15,6,11800,250,FALSE,250
82,Fruits & Vegetables,Onion,6800,16,3,5700,3000,FALSE,3
83,Cooking Essentials,Gowardhan Pure Ghee Pouch,29500,4,6,28100,500,FALSE,500
84,Cooking Essentials,Quaker Oats Breakfast Cereals - With Flavour Mix Nutritious Rich Source Of Energy,4900,8,6,4500,200,FALSE,200
85,Fruits & Vegetables,Potato,10000,16,3,8400,3000,FALSE,3
86,Cooking Essentials,Popular Essentials Kashmiri Red Rajma,9500,6,4,8900,500,FALSE,500
87,Cooking Essentials,Popular Essentials Jeera/Cumin Seeds,4000,5,3,3800,100,FALSE,100
88,Cooking Essentials,Satyam Singdana ,11900,6,0,11100,500,TRUE,500
89,Cooking Essentials,24 Mantra Organic Whole Wheat Atta,6400,7,0,5900,1000,TRUE,1
90,Fruits & Vegetables,Banana Red,5400,16,6,4500,500,FALSE,500
91,Cooking Essentials,Popular Essentials Cloves (Lavang),7500,17,6,6200,50,FALSE,50
92,Cooking Essentials,Dabur Hommade - Garlic Paste,5000,6,6,4700,200,FALSE,200
93,Cooking Essentials,Weikfield Falooda Mix - Kesar Pista,4900,2,3,4800,200,FALSE,200
94,Cooking Essentials,Zorabian Chicken Kheema Parathas,19000,0,0,19000,300,TRUE,300
95,Fruits & Vegetables,Orange Nagpur,8200,15,3,6900,232,FALSE,4
96,Fruits & Vegetables,Radish White,2300,17,6,1900,500,FALSE,500
97,Fruits & Vegetables,Mint Leaves ,1100,18,3,900,100,FALSE,100
98,Cooking Essentials,Popular Essentials Pure Jaggery,5000,2,6,4900,450,FALSE,450
99,Cooking Essentials,Weikfield Cocoa Powder,7000,7,6,6500,50,FALSE,50
100,Fruits & Vegetables,Beans French,3300,15,3,2800,250,FALSE,250
101,Cooking Essentials,Sunfeast Yippee! Power Up Atta Noodles,9600,15,6,8100,280,FALSE,280
102,Cooking Essentials,Sunfeast Pasta Treat Pack of Tomato Cheese,2800,17,0,2300,65,TRUE,65
103,Cooking Essentials,Aashirvaad Multigrain Atta,6400,3,2,6200,1000,FALSE,1
104,Cooking Essentials,Weikfield Baking Soda,3000,3,6,2900,100,FALSE,100
105,Cooking Essentials,Suhana Paneer Tikka Masala Mix,4000,5,6,3800,50,FALSE,50
106,Fruits & Vegetables,Bottle Gourd ,2600,15,3,2200,58,FALSE,1
107,Cooking Essentials,Fortune Soyabean Oil,100500,0,6,99900,5000,FALSE,5
108,Cooking Essentials,Sugarlite 50% Less Calories Sugar Pouch,9900,40,0,5900,500,TRUE,500
109,Cooking Essentials,Everest Pav Bhaji Masala,3700,10,4,3300,50,FALSE,50
110,Cooking Essentials,Popular Essentials Sabja/Basil Seeds,6000,15,0,5100,100,TRUE,100
111,Cooking Essentials,24 Mantra Turmeric Powder,3500,2,6,3400,100,FALSE,100
112,Fruits & Vegetables,Banana Elaichi ,5800,15,3,4900,348,FALSE,6
113,Fruits & Vegetables,Avocado Indian Premium,17700,15,3,14900,58,FALSE,1
114,Fruits & Vegetables,Coconut Big,3600,16,3,3000,58,FALSE,1
115,Fruits & Vegetables,Curry Leaves,1300,15,3,1100,50,FALSE,50
116,Fruits & Vegetables,Capsicum,2600,19,3,2100,500,FALSE,500
117,Cooking Essentials,Popular Essentials Sunflower Seeds,2500,0,6,2500,50,FALSE,50
118,Fruits & Vegetables,Brinjal Bharta,1900,15,3,1600,58,FALSE,1
119,Cooking Essentials,Tata Sampann Moong Chilka ,8800,6,0,8200,500,TRUE,500
120,Fruits & Vegetables,Lettuce Iceberg,2500,16,3,2100,250,FALSE,250
121,Fruits & Vegetables,Carrot,1900,21,3,1500,500,FALSE,500
122,Fruits & Vegetables,Papaya,5400,16,3,4500,58,FALSE,1
123,Cooking Essentials,Tata Sampann kabuli chana,18500,1,4,18300,1000,FALSE,500
124,Fruits & Vegetables,Apple Shimla,14200,16,3,11900,232,FALSE,4
125,Cooking Essentials,Tata Sampann High Protien Toor Dal - Split,9100,2,0,8900,500,TRUE,500
126,Cooking Essentials,Ching's Chow Mein Hakka Noodles Masala,1000,0,0,1000,20,TRUE,20
127,Fruits & Vegetables,Garlic,1700,23,3,1300,200,FALSE,200
128,Cooking Essentials,24 Mantra Super Grain Quinoa,19000,0,4,19000,500,FALSE,500
129,Fruits & Vegetables,Carrot,1300,15,0,1100,250,TRUE,200
130,Cooking Essentials,Everest Chat Masala,6500,9,0,5900,100,TRUE,100
131,Fruits & Vegetables,Beetroot,1100,18,0,900,250,TRUE,250
132,Fruits & Vegetables,Bitter Gourd,1800,16,3,1500,250,FALSE,250
133,Fruits & Vegetables,Brinjal Small,1800,16,3,1500,250,FALSE,250
134,Fruits & Vegetables,Sweet Corn,3600,16,3,3000,116,FALSE,2
135,Cooking Essentials,Popular Essentials Cinnamon Whole (Dalchini),3500,5,6,3300,25,FALSE,25
136,Fruits & Vegetables,Spring Onion ,1800,16,3,1500,250,FALSE,250
137,Cooking Essentials,Everest Powder - Egg Curry Masala,4000,2,6,3900,50,FALSE,50
138,Fruits & Vegetables,Bell Peppers Red & Yellow ,11800,16,3,9900,116,FALSE,2
139,Cooking Essentials,Sundrop Super Lite Advanced - Sunflower Oil,21500,0,4,21500,1000,FALSE,1
140,Fruits & Vegetables,Pomegranate ,10600,16,3,8900,116,FALSE,2
141,Cooking Essentials,Dabur 100% Pure Honey,33000,10,1,29700,400,FALSE,400
142,Cooking Essentials,Pillsbury Atta/Godihittu - Chakki Fresh,10200,7,4,9400,2000,FALSE,2
143,Cooking Essentials,Popular Essentials Black Brown Chana (Un-Polished),5500,9,0,5000,500,TRUE,500
144,Fruits & Vegetables,Moong Sprouts,3500,17,0,2900,200,TRUE,200
145,Cooking Essentials,Dhara Groundnut Oil (Pouch),23000,11,6,20300,1000,FALSE,1
146,Fruits & Vegetables,Safal Frozen Mixed Vegetables,6000,5,0,5700,500,TRUE,500
147,Cooking Essentials,Ching's Schezwan Fried Rice(Miracle Masala),4400,0,5,4400,60,FALSE,60
148,Cooking Essentials,Popular Essentials Pe Shah Jeera ,6000,15,6,5100,50,FALSE,50
149,Fruits & Vegetables,Sweet Lime,3000,16,3,2500,116,FALSE,2
150,Fruits & Vegetables,Baby Potato,1900,15,3,1600,500,FALSE,500
151,Cooking Essentials,Satyam Nighties Spices  Chilli Kashmiri,10200,6,6,9500,100,FALSE,100
152,Fruits & Vegetables,Safal Frozen Corn,4100,4,0,3900,200,TRUE,200
153,Cooking Essentials,Pantai Coconut Cream,15000,4,4,14300,400,FALSE,400
154,Cooking Essentials,24 Mantra Organic Sattu Atta,9500,0,6,9500,500,FALSE,500
155,Cooking Essentials,Popular Essentials Green Moong Chilka/Chilka (Un-Polished),8500,7,5,7900,500,FALSE,500
156,Fruits & Vegetables,Coccinia,3200,15,3,2700,250,FALSE,250
157,Fruits & Vegetables,Guava,5400,16,3,4500,232,FALSE,4
158,Cooking Essentials,Dhara Health Refined Sun Flower Oil Jar,120000,18,6,98400,5000,FALSE,5
159,Fruits & Vegetables,Apple Washington,17700,15,3,14900,232,FALSE,4
160,Cooking Essentials,Smith & Jones Pasta Masala,4600,0,6,4600,54,FALSE,54
161,Cooking Essentials,Patanjali Pure Honey,9500,0,0,9500,250,TRUE,250
162,Fruits & Vegetables,Amla,3200,15,3,2700,250,FALSE,250
163,Cooking Essentials,Weikfield Vanilla Custard Powder,14200,9,3,12800,500,FALSE,500
164,Fruits & Vegetables,Beans Cluster,3000,16,3,2500,250,FALSE,250
165,Cooking Essentials,24 Mantra Organic Jaggery Powder,8000,15,6,6800,500,FALSE,500
166,Cooking Essentials,Sugarfree Natura Low Calorie Sweetner ,30000,10,3,27000,42,FALSE,42
167,Cooking Essentials,Popular Essentials Coriander Seeds,1500,0,5,1500,50,FALSE,50
168,Cooking Essentials,Tata Sampann High Protien Kabuli Chana,9400,0,1,9400,500,FALSE,500
169,Cooking Essentials,Eastern Cumin Powder,4900,2,6,4800,100,FALSE,100
170,Fruits & Vegetables,Apple Royal Gala,18900,15,3,15900,232,FALSE,4
171,Cooking Essentials,Ching's Singapore Curry Instant Noodles,6000,0,4,6000,240,FALSE,240
172,Cooking Essentials,Popular Essentials HMT Kolam Steam,7500,0,3,7500,1000,FALSE,1
173,Fruits & Vegetables,Chilli Bhaji,3000,16,3,2500,250,FALSE,250
174,Cooking Essentials,Popular Essentials Black Urad Split,8000,10,4,7200,500,FALSE,500
175,Cooking Essentials,Pillsbury Vanilla Custard Powder,3700,2,6,3600,100,FALSE,100
176,Cooking Essentials,Keya Oregano,10900,10,5,9800,9,FALSE,9
177,Cooking Essentials,Popular Essentials Urad Gola White(Un-Polished),9000,10,6,8100,500,FALSE,500
178,Cooking Essentials,Dhara Kachi Ghani Mustard Oil Jar,125000,8,6,114300,5000,FALSE,5
179,Cooking Essentials,Popular Essentials Pink Rajma,10000,10,6,9000,500,FALSE,500
180,Cooking Essentials,Eastern Fish Masala,4800,2,5,4700,100,FALSE,100
181,Cooking Essentials,Everest Chicken Masala,7400,2,6,7200,100,FALSE,100
182,Cooking Essentials,Weikfield Falooda Mix - Mango,4900,2,0,4800,200,TRUE,200
183,Cooking Essentials,D'lecta Dairy Cream,5400,5,6,5100,200,FALSE,200
184,Cooking Essentials,Pro Nature Organic Sonamasoori Brown Rice,10200,7,0,9400,1000,TRUE,1
185,Cooking Essentials,Popular Essentials HMT Kolam Steam,37000,10,6,33300,5000,FALSE,5
186,Cooking Essentials,24 Mantra Organic Chana Dal,9500,6,5,8900,500,FALSE,500
187,Cooking Essentials,Maggi Special Masala Spicy Yummy Noodles,7200,0,0,7200,280,TRUE,280
188,Cooking Essentials,Everest Shahi Paneer Masala,4200,4,5,4000,50,FALSE,50
189,Cooking Essentials,Pillsbury Atta/Godihittu - Chakki Fresh,27500,0,6,27500,5000,FALSE,5
190,Cooking Essentials,Godrej Yummiez Chicken Nuggets,32500,9,1,29300,500,FALSE,500
191,Cooking Essentials,Flying Bird Vanilla Essence,3500,2,6,3400,20,FALSE,20
192,Cooking Essentials,Everest Sabji Masala,3000,3,6,2900,50,FALSE,50
193,Cooking Essentials,Delight Nuts Cashew Roasted & Salted,42500,20,6,34000,200,FALSE,200
194,Cooking Essentials,Popular Essentials Californian Almond,69500,32,6,47000,500,FALSE,500
195,Fruits & Vegetables,Lettuce Green,2300,17,3,1900,100,FALSE,100
196,Cooking Essentials,"Oleev Smart Oil Fortified with VIT A, D, E & K (Pouch)",21500,9,4,19400,1000,FALSE,1
197,Cooking Essentials,Cornitos Cornitos Taco Shells - 4 Inches,11000,20,6,8800,80,FALSE,80
198,Cooking Essentials,Godrej Yummiez Chicken Breakfast Salami,15000,4,0,14300,250,TRUE,250
199,Cooking Essentials,Everest Rajma Masala,3300,3,5,3200,50,FALSE,50
200,Cooking Essentials,Popular Essentials Mace/Javitri,9000,10,3,8100,20,FALSE,20
201,Cooking Essentials,Everest Dry Ginger Powder,7500,9,4,6800,100,FALSE,100
202,Fruits & Vegetables,Baby Corn Peeled,3500,17,3,2900,250,FALSE,250
203,Fruits & Vegetables,Mixed Sprouts,3500,17,3,2900,200,FALSE,200
204,Fruits & Vegetables,Zucchini Green,3500,17,3,2900,250,FALSE,250
205,Cooking Essentials,Popular Essentials White Til,4000,5,1,3800,100,FALSE,100
206,Cooking Essentials,Amul Dark Compound Chocolate Slab,12500,2,6,12200,500,FALSE,500
207,Fruits & Vegetables,Banana Leaf,1200,16,2,1000,58,FALSE,1
208,Fruits & Vegetables,Beans Broad,4200,16,3,3500,250,FALSE,250
209,Cooking Essentials,Mothers Recipe Papad Chana Masala,7900,10,6,7100,200,FALSE,200
210,Fruits & Vegetables,Raw Banana,2000,15,6,1700,500,FALSE,500
211,Cooking Essentials,Ching's Schezwan Masala Instant Noodles,6000,0,1,6000,240,FALSE,240
212,Fruits & Vegetables,Colocasia ,2900,17,6,2400,500,FALSE,500
213,Cooking Essentials,Amul Milk Compound Chocolate Slab,11000,2,6,10700,500,FALSE,500
214,Fruits & Vegetables,Sponge Gourd,2500,16,2,2100,300,FALSE,300
215,Fruits & Vegetables,Tomato Cherry ,3500,17,3,2900,200,FALSE,200
216,Cooking Essentials,Eastern Chicken Masala,7000,7,3,6500,100,FALSE,100
217,Fruits & Vegetables,Sweet Potato ,3800,15,3,3200,500,FALSE,500
218,Fruits & Vegetables,Pineapple Slice,8900,15,3,7500,200,FALSE,200
219,Cooking Essentials,Popular Essentials Methi Seeds,2500,0,5,2500,100,FALSE,100
220,Cooking Essentials,Saffola Yummy Masala Noodles ,2000,0,2,2000,46,FALSE,46
221,Fruits & Vegetables,Orange,5400,16,3,4500,116,FALSE,2
222,Cooking Essentials,Cadbury Hot Chocolate,17500,5,6,16600,200,FALSE,200
223,Cooking Essentials,Ching's Chicken Chilli Masala,1000,0,6,1000,20,FALSE,20
224,Fruits & Vegetables,Dragon Fruit Imported,7000,15,3,5900,58,FALSE,1
225,Cooking Essentials,Dabur Keora water - Authentic flavour for Biryani's and Desserts,6200,6,6,5800,250,FALSE,250
226,Fruits & Vegetables,Zucchini Yellow,4200,16,3,3500,250,FALSE,500
227,Cooking Essentials,Popular Essentials Black Cardamom/Elaichi ,10000,10,6,9000,50,FALSE,50
228,Fruits & Vegetables,Apple Kinnaur,14200,16,6,11900,232,FALSE,4
229,Fruits & Vegetables,Pineapple,9400,15,3,7900,58,FALSE,1
230,Fruits & Vegetables,Basil,2000,15,3,1700,100,FALSE,100
231,Cooking Essentials,Popular Essentials Idli Rice,6000,10,4,5400,1000,FALSE,1
232,Cooking Essentials,Everest Chole Masala,3300,3,1,3200,50,FALSE,50
233,Cooking Essentials,Dabur Hommade Tamarind Paste,4800,6,6,4500,200,FALSE,200
234,Cooking Essentials,Popular Essentials Cooking Soda,3000,10,6,2700,200,FALSE,200
235,Cooking Essentials,RRO Primio Refined Groundnut Oil Pet Bottle,25500,6,2,23900,1000,FALSE,1
236,Cooking Essentials,Everest Pani Puri Masala,3100,3,6,3000,50,FALSE,50
237,Cooking Essentials,Nissin Cup Noodles Tangy Tomato,5000,10,2,4500,70,FALSE,70
238,Cooking Essentials,Pillsbury Oven Cake Mix - Vanilla,17500,10,6,15600,225,FALSE,225
239,Cooking Essentials,Hershey's Chocolate Milk Booster,20000,0,6,20000,450,FALSE,450
240,Cooking Essentials,Ching's Veg Manchurian Masala,1000,0,2,1000,20,FALSE,20
241,Cooking Essentials,Popular Essentials Byadagi Chilli Stemless,8000,0,6,8000,100,FALSE,100
242,Cooking Essentials,Suhana Spice Mix - Chicken Biryani,6600,0,6,6600,50,FALSE,50
243,Cooking Essentials,Praakritik Organic Yellow Moon Dal,13500,0,6,13500,500,FALSE,500
244,Munchies,Popular Essentials Pumpkin Seeds,9000,16,6,7500,100,FALSE,100
245,Cooking Essentials,Maggi Magic Cubes Extra Chicken,19900,10,6,17900,240,FALSE,240
246,Munchies,Dhara Health Refined Sun Flower Oil Jar,120000,18,6,98400,5000,FALSE,5
247,Cooking Essentials,Dhara Filtered Groundnut Oil (Jar),105000,0,2,105000,5000,FALSE,5
248,Cooking Essentials,Everest Garam Masala,4200,2,2,4100,50,FALSE,50
249,Cooking Essentials,Ceres Foods Fish Mustard Instant Liquid Masala,22000,50,6,11000,200,FALSE,200
250,Cooking Essentials,Flying Bird Butter Scotch Essence,5000,2,6,4900,20,FALSE,20
251,Cooking Essentials,Everest Garam Masala,15800,10,6,14200,200,FALSE,200
252,Munchies,Fortune Soya Health Refined Soybean Oil,21000,1,2,20600,1000,FALSE,1
253,Cooking Essentials,Dabur Hommade - Ginger Paste,5000,6,6,4700,200,FALSE,200
254,Munchies,Gowardhan Pure Ghee Pouch,29500,4,6,28100,500,FALSE,500
255,Cooking Essentials,24 Mantra Organic Jowar Flour,7000,7,6,6500,500,FALSE,500
256,Cooking Essentials,24 Mantra Sona Masuri Brown Rice,47500,10,6,42300,5000,FALSE,5
257,Cooking Essentials,Popular Essentials Green Peas (Un-Polished),12000,10,5,10800,500,FALSE,500
258,Munchies,24 Mantra Organic Jaggery Powder,8000,15,6,6800,500,FALSE,500
259,Munchies,Popular Essentials Jeera/Cumin Seeds,4000,5,3,3800,100,FALSE,100
260,Munchies,Tata Sampann High Protien Kabuli Chana,9400,0,1,9400,500,FALSE,500
261,Munchies,Weikfield Baking Soda,3000,3,6,2900,100,FALSE,100
262,Munchies,Everest Pav Bhaji Masala,3700,10,4,3300,50,FALSE,50
263,Cooking Essentials,Quaker Oats Pouch,27600,10,6,24800,1500,FALSE,1
264,Munchies,Tata Sampann Unpolished Chana Dal,9500,6,2,8900,1000,FALSE,500
265,Cooking Essentials,Everest Kitchen King Masala,7000,14,2,6000,100,FALSE,100
266,Cooking Essentials,24 Mantra Organic Urad White Whole,14500,15,4,12200,500,FALSE,500
267,Munchies,Amul Mithai Mate EOE Tin,11200,2,6,10900,400,FALSE,400
268,Cooking Essentials,24 Mantra Organic Cumin,7000,7,2,6500,100,FALSE,100
269,Munchies,Pillsbury Chakki Fresh Atta,45000,16,6,37500,10000,FALSE,10
270,Cooking Essentials,Nestle Milkmaid,13200,3,6,12800,400,FALSE,400
271,Cooking Essentials,Everest Saffron Kesar,12000,0,0,12000,1,TRUE,0
272,Munchies,Everest Chicken Masala,3900,2,1,3800,50,FALSE,50
273,Cooking Essentials,Pillsbury Cooker Cake Mix - Choco,10000,11,6,8900,159,FALSE,159
274,Cooking Essentials,Popular Essentials Sona Masouri Steam Rice,6500,9,6,5900,1000,FALSE,1
275,Cooking Essentials,Popular Essentials Guntur Chilli Stemless,4000,2,2,3900,100,FALSE,100
276,Cooking Essentials,24 Mantra Organic Tur Dal,26000,20,6,20800,1000,FALSE,1
277,Cooking Essentials,Popular Essentials Moth Whole,9000,10,6,8100,500,FALSE,500
278,Cooking Essentials,Gits Gulab Jamun Instant Dessert Mix,9900,10,6,8900,200,FALSE,200
279,Cooking Essentials,Keya Pizza Seasoning,10900,17,6,9000,45,FALSE,45
280,Cooking Essentials,Keya Piri Piri | Exotic Spices Mix,10900,20,6,8700,80,FALSE,80
281,Cooking Essentials,Popular Essentials Black Masoor Whole (Un-Polished),6500,10,3,5800,500,FALSE,500
282,Cooking Essentials,24 Mantra Organic Peanuts,13500,7,1,12500,500,FALSE,500
283,Cooking Essentials,24 Mantra Organic Moong Dal,13500,7,6,12500,500,FALSE,500
284,Cooking Essentials,Betty Crocker French Vanilla Cake Mix,31000,10,6,27600,520,FALSE,520
285,Cooking Essentials,Delight Nuts Dried Cranberries ,34000,20,6,27200,200,FALSE,200
286,Cooking Essentials,Everest Hingraj Powder,9000,10,2,8100,50,FALSE,50
287,Munchies,Dhara Kachi Ghani Mustard Oil Jar,125000,8,6,114300,5000,FALSE,5
288,Cooking Essentials,Everest Black Pepper Powder,13500,14,6,11500,100,FALSE,100
289,Cooking Essentials,Maggi Coconut Milkpowder,10000,0,6,10000,100,FALSE,100
290,Cooking Essentials,Everest Kesari Milk Masala,20500,0,2,20500,50,FALSE,50
291,Cooking Essentials,24 Mantra Organic Pancharatna Dal - Split,13000,7,6,12000,500,FALSE,500
292,Cooking Essentials,Tata Sampann Masoor Dal Stand,15000,10,4,13400,1000,FALSE,1
293,Cooking Essentials,On1y Pepper Grinder,15900,9,1,14400,50,FALSE,50
294,Cooking Essentials,Tong Garden Salted Cocktail Nuts,29500,9,5,26600,160,FALSE,160
295,Cooking Essentials,24 Mantra Organic Cumin Powder,7000,0,6,7000,100,FALSE,100
296,Cooking Essentials,24 Mantra Organic Besan,9500,7,5,8800,500,FALSE,500
297,Cooking Essentials,MTR Uttapam Mix,16500,5,6,15600,500,FALSE,500
298,Cooking Essentials,Popular Essentials Rice Flour,6000,0,3,6000,1000,FALSE,1
299,Munchies,Dhara Life Refined Ricebran Oil (Pouch),20500,7,6,19000,1000,FALSE,1
300,Cooking Essentials,Quaker Oats,19900,7,6,18400,1000,FALSE,1
301,Cooking Essentials,Gits Khaman Dhokla Instant Snack Mix,6500,6,6,6100,180,FALSE,180
302,Cooking Essentials,Popular Essentials Samba Broken Wheat,10000,11,6,8900,500,FALSE,500
303,Cooking Essentials,Betty Crocker Chocolate Fudge Cake Mix,29500,0,6,29500,475,FALSE,475
304,Cooking Essentials,Borges Extra Light Olive Oil Bottle ,260000,46,6,139900,2000,FALSE,2
305,Cooking Essentials,Sunfeast Yippee! Pasta Treat - Sour Cream Onion,2800,10,1,2500,65,FALSE,65
306,Munchies,Maggi 2 Minute Masala Noodles,1200,0,6,1200,70,FALSE,70
307,Cooking Essentials,Dlicia Whip Topping Bottle,23500,27,5,17100,1000,FALSE,1
308,Munchies,iD Idli & Dosa Batter ,8000,15,6,6800,1000,FALSE,1
309,Cooking Essentials,Mother's Recipe Paste Ginger & Garlic,7600,10,4,6800,300,FALSE,300
310,Cooking Essentials,24 Mantra Groundnut Oil (Cold Pressed) Pet Bottle,41000,10,6,36900,1000,FALSE,1
311,Cooking Essentials,Satyam Pulses Masur Dal,8700,6,6,8100,500,FALSE,500
312,Munchies,Tata Salt,2400,0,6,2400,1000,FALSE,1
313,Cooking Essentials,Delight Nuts Pista Roasted & Salted,42500,20,6,34000,200,FALSE,200
314,Cooking Essentials,"Top Ramen Noodles, Atta",8000,0,1,8000,280,FALSE,280
315,Munchies,Arden Eggs White,9700,0,4,9700,696,FALSE,12
316,Cooking Essentials,Flying Bird Premium Orange Artificial Food Essence,6000,0,6,6000,20,FALSE,20
317,Cooking Essentials,Hershey's Cocoa Powder,9500,0,5,9500,70,FALSE,70
318,Cooking Essentials,24 Mantra Organic Brown Sona Masoori Rice,9500,0,6,9500,1000,FALSE,1
319,Munchies,Arden Eggs White,6500,15,4,5500,348,FALSE,6
320,Cooking Essentials,Popular Essentials Red Cherry/Gundu Chilli,9500,0,6,9500,100,FALSE,100
321,Cooking Essentials,Super Saver Kolam Rice Sortex Clean ,70000,10,3,63000,5000,FALSE,5
322,Munchies,Borges Extra Virgin Olive Oil,40000,25,1,29900,250,FALSE,250
323,Cooking Essentials,Flying Bird Food Essence - Kewra,5000,0,6,5000,20,FALSE,20
324,Munchies,Everest Shahi Biryani Masala,7000,14,6,6000,50,FALSE,50
325,Cooking Essentials,MTR Vada Breakfast,20000,0,1,20000,500,FALSE,500
326,Munchies,Popular Essentials Californian Almond,35000,28,6,25100,250,FALSE,250
327,Cooking Essentials,Happilo Premium Afghani Anjeer,36500,29,2,25600,200,FALSE,200
328,Cooking Essentials,On1y Pasta Seasoning,9900,0,6,9900,30,FALSE,30
329,Cooking Essentials,Popular Essentials Chiroti Sooji,3500,2,6,3400,500,FALSE,500
330,Cooking Essentials,Praakritik Organic Indrayani Rice,7000,0,6,7000,500,FALSE,500
331,Cooking Essentials,RRO Til Dil Premium Til Oil Bottle,33000,10,5,29400,1000,FALSE,1
332,Munchies,Popular Essentials Ajwain Whole,2500,0,4,2500,50,FALSE,50
333,Cooking Essentials,Saffola Gold Refined Cooking Oil (Jar),48500,7,6,44900,2000,FALSE,2
334,Munchies,Everest Tikhalal Chilli Powder,23500,9,6,21200,500,FALSE,500
335,Cooking Essentials,On1y Pizza Seasoning,9900,0,6,9900,28,FALSE,28
336,Cooking Essentials,Nestle Everyday Dairy Whitener,21000,0,4,21000,400,FALSE,400
337,Cooking Essentials,Popular Essentials Red Rajma,9000,10,6,8100,500,FALSE,500
338,Cooking Essentials,Kitchens of India Mutter Paneer Mix,12000,30,4,8400,285,FALSE,285
339,Cooking Essentials,Aashirvaad Svasti Cow Ghee Tetra Pack,29500,0,6,29500,500,FALSE,500
340,Cooking Essentials,Weikfield Cooker Cake Mix - Vanilla,9500,0,6,9500,150,FALSE,150
341,Cooking Essentials,Praakritik Organic Kapli Wheat Atta,16500,10,6,14700,1000,FALSE,1
342,Cooking Essentials,Happilo Premium 100% Natural Whole Cashews,33500,29,6,23500,200,FALSE,200
343,Munchies,Popular Essentials Kabuli Chana Regular,8500,9,6,7700,500,FALSE,500
344,Cooking Essentials,Everest Dry Mango Powder,8000,0,5,8000,100,FALSE,100
345,Munchies,Pillsbury Chakki Fresh Atta,5200,0,4,5200,1000,FALSE,1
346,Cooking Essentials,Epicurea Sushi Rice,29500,0,6,29500,500,FALSE,500
347,Cooking Essentials,Cornitos Peanut - Premium Salted ,12000,10,6,10800,150,FALSE,150
348,Cooking Essentials,Sugarfree Natural Green Stevia Leaves Zero Calorie,7500,0,2,7500,100,FALSE,100
349,Cooking Essentials,Popular Essentials Black Pepper,10000,10,5,9000,100,FALSE,100
350,Cooking Essentials,Smith & Jones Italian Spices Masala Mix,9900,0,6,9900,75,FALSE,75
351,Cooking Essentials,24 Mantra Organic Tur Dal - Split,13000,7,6,12000,500,FALSE,500
352,Cooking Essentials,Satyam Nighties Spices  Chilli Bore,8900,10,6,8000,100,FALSE,100
353,Cooking Essentials,Dabur Hommade - Ginger Garlic Past Tub,11000,5,6,10400,400,FALSE,400
354,Cooking Essentials,Weikfield Veg Jelly Crystals - Orange,4500,2,6,4400,90,FALSE,90
355,Munchies,Popular Essentials Saunf/Fennel Seeds,4500,2,6,4400,100,FALSE,100
356,Cooking Essentials,Praakritik Organic Jumbo Rolled Oats,19000,11,6,16900,500,FALSE,500
357,Cooking Essentials,Everest Chicken Masala,14700,10,6,13200,200,FALSE,200
358,Cooking Essentials,Sugarfree Gold Low Calorie Sweetner,6500,6,3,6100,110,FALSE,100
359,Cooking Essentials,On1y Sea Salt Grinder,8900,0,6,8900,100,FALSE,100
360,Cooking Essentials,24 Mantra Organic Red Poha,7500,8,1,6900,500,FALSE,500
361,Munchies,Fortune Sunlite Refined Sunflower (Pouch),23000,4,6,21900,1000,FALSE,1
362,Cooking Essentials,Ching's Secret Paneer Chilli Masala,1000,0,2,1000,20,FALSE,20
363,Cooking Essentials,Delight Nuts Berries Mix ,39900,20,6,31900,200,FALSE,200
364,Cooking Essentials,Everest Powder - Tea Masala,9800,9,5,8900,100,FALSE,100
365,Cooking Essentials,Tata Sampann Urad Dal Split,9400,4,6,9000,500,FALSE,500
366,Cooking Essentials,Dabur Honey ,22000,7,3,20400,500,FALSE,500
367,Cooking Essentials,Popular Essentials Idli Sooji ,3000,6,6,2800,500,FALSE,500
368,Munchies,Popular Essentials Bansi Sooji,3500,2,3,3400,500,FALSE,500
369,Cooking Essentials,Gits Medu Vada Instant Snack Mix,9000,4,6,8600,200,FALSE,200
370,Munchies,Happilo Premium International Queen Kalmi Dates,24500,29,6,17200,200,FALSE,200
371,Cooking Essentials,Weikfield Drinking Chocolate Powder,6500,10,6,5800,100,FALSE,100
372,Munchies,Tata Sampann Unpolished Urad Whole,10100,6,4,9400,500,FALSE,500
373,Munchies,Popular Essentials Cashew Split,32500,12,6,28300,250,FALSE,250
374,Munchies,Popular Essentials Chana Dal (Un-Polished),6000,10,6,5400,500,FALSE,500
375,Cooking Essentials,Popular Essentials Dessicated Coconut,9500,9,6,8600,200,FALSE,200
376,Munchies,Tata Sampann Unpolished Rajma (Chitra),13400,6,6,12500,500,FALSE,500
377,Cooking Essentials,Everest Kesari Milk Masala,20500,0,6,20500,50,FALSE,20
378,Cooking Essentials,Sunfeast Yippee! Pasta Treat - Sour Cream Onion,2800,17,3,2300,65,FALSE,65
379,Munchies,D'lecta Dairy Cream,5400,5,6,5100,200,FALSE,200
380,Cooking Essentials,Sunfeast Yippee! Mood Masala Noodles,6000,28,3,4300,260,FALSE,260
381,Fruits & Vegetables,Safal Frozen - Sweet Corn,16000,5,0,15200,1000,TRUE,1
382,Munchies,Ching's Secret Instant Hot Garlic Noodles,1500,0,3,1500,60,FALSE,60
383,Cooking Essentials,Praakritik Organic Ginger Powder,13900,10,6,12500,100,FALSE,100
384,Cooking Essentials,Chef's Basket Durum Wheat Elbow Pasta,16000,50,6,8000,500,FALSE,500
385,Cooking Essentials,Suhana Mutton Gravy Mix,4500,0,4,4500,80,FALSE,80
386,Munchies,Dabur Ginger Garlic Paste,2500,8,3,2300,100,FALSE,100
387,Cooking Essentials,Everest Tea Masala,5500,9,2,5000,50,FALSE,50
388,Cooking Essentials,MTR Breakfast Khatta Meetha Poha Mix,2500,20,6,2000,60,FALSE,60
389,Cooking Essentials,On1y Salad Seasoning Grinder,13900,0,6,13900,45,FALSE,45
390,Munchies,Ching's Secret Instant Schezwan Noodles,1500,0,6,1500,60,FALSE,60
391,Cooking Essentials,Ching's Paneer Chilli Masala,4400,0,4,4400,60,FALSE,60
392,Munchies,Gowardhan Ghee/Tuppa Jar,31500,1,6,30900,500,FALSE,500
393,Cooking Essentials,Figaro Pure Olive Oil,32500,8,1,29900,200,FALSE,200
394,Munchies,Everest Garam Masala,4200,2,2,4100,50,FALSE,50
395,Munchies,Everest Kitchen King Masala,7000,14,2,6000,100,FALSE,100
396,Cooking Essentials,Sunfeast YiPPee! Magic Masala Noodles,7000,10,3,6300,405,FALSE,405
397,Munchies,24 Mantra Organic Cumin,7000,7,2,6500,100,FALSE,100
398,Munchies,Nestle Milkmaid,13200,3,6,12800,400,FALSE,400
399,Cooking Essentials,Madhur Sugar,6000,6,0,5600,1000,TRUE,1
400,Munchies,Popular Essentials Sona Masouri Steam Rice,6500,9,6,5900,1000,FALSE,1
401,Cooking Essentials,Everest Meat Masala Powder,7400,9,3,6700,100,FALSE,100
402,Munchies,Aashirvaad Superior MP Atta,25000,2,6,24500,5000,FALSE,5
403,Munchies,Amul Pure Ghee (Pouch),25500,2,6,24900,500,FALSE,500
404,Munchies,24 Mantra Organic Tur Dal,26000,20,6,20800,1000,FALSE,1
405,Cooking Essentials,Hersheys Chocolate Almond Syrup,20000,0,2,20000,450,FALSE,450
406,Cooking Essentials,Amul Fresh Cream,6300,0,0,6300,250,TRUE,250
407,Munchies,Gits Gulab Jamun Instant Dessert Mix,9900,10,6,8900,200,FALSE,200
408,Cooking Essentials,Praakritik Organic Singhara Atta,24000,6,4,22500,500,FALSE,500
409,Cooking Essentials,Madhur Pure And Hygienic Sugar,29500,9,0,26600,5000,TRUE,5
410,Cooking Essentials,Satyam Khobra,11300,10,5,10100,200,FALSE,200
411,Munchies,Arden Eggs Brown,8500,7,4,7900,348,FALSE,6
412,Cooking Essentials,Satyam Poha Jada,3500,8,0,3200,500,TRUE,500
413,Munchies,Popular Essentials Black Masoor Whole (Un-Polished),6500,10,3,5800,500,FALSE,500
414,Cooking Essentials,Aashirvaad Superior MP Whole Wheat Atta,5300,1,0,5200,1000,TRUE,1
415,Cooking Essentials,Betty Crocker Complete Pancake Mix Original,11000,4,6,10500,250,FALSE,500
416,Cooking Essentials,Pillsbury Atta With Multigrains Wheat Grains,29500,16,6,24500,5000,FALSE,5
417,Cooking Essentials,Maggi 2 Minute Masala Noodles,1200,0,6,1200,70,FALSE,70
418,Munchies,Tata Sampann Unpolished Moong Dal ,9200,4,4,8800,500,FALSE,500
419,Cooking Essentials,Mother's Recipe Tamarind Paste,5000,2,6,4900,200,FALSE,200
420,Cooking Essentials,Borges Durum Wheat Fusilli Pasta ,25000,0,3,25000,500,FALSE,500
421,Munchies,24 Mantra Organic Peanuts,13500,7,1,12500,500,FALSE,500
422,Cooking Essentials,iD Idli & Dosa Batter ,8000,15,6,6800,1000,FALSE,1
423,Munchies,Everest Hingraj Powder,9000,10,2,8100,50,FALSE,50
424,Cooking Essentials,Tata Salt,2400,0,6,2400,1000,FALSE,1
425,Munchies,Everest Black Pepper Powder,13500,14,6,11500,100,FALSE,100
426,Munchies,Aashirvaad Select Atta,6400,0,6,6400,1000,FALSE,1
427,Cooking Essentials,Arden Eggs White,9700,0,4,9700,696,FALSE,12
428,Munchies,Tata Sampann Masoor Dal Stand,15000,10,4,13400,1000,FALSE,1
429,Cooking Essentials,Arden Eggs White,6500,15,4,5500,348,FALSE,6
430,Cooking Essentials,Fortune Sunlite Refined Sunflower (Pouch),23000,4,6,21900,1000,FALSE,1
431,Cooking Essentials,Satyam Nighties Spices  Chilli Pandi,5600,7,5,5200,100,FALSE,100
432,Cooking Essentials,Aashirvaad Superior MP Atta,25000,2,6,24500,5000,FALSE,5
433,Cooking Essentials,24 Mantra Organic Green Moong Dal - Split,13500,0,2,13500,500,FALSE,500
434,Munchies,24 Mantra Organic Besan,9500,7,5,8800,500,FALSE,500
435,Munchies,Quaker Oats,19900,7,6,18400,1000,FALSE,1
436,Cooking Essentials,Amul Pure Ghee (Pouch),25500,2,6,24900,500,FALSE,500
437,Munchies,Saffola Gold Refined Cooking Oil (Jar),48500,7,6,44900,2000,FALSE,2
438,Cooking Essentials,Praakritik Organic Poha,12000,6,5,11200,500,FALSE,500
439,Cooking Essentials,Weikfield Vanilla Flavoured Custard Powder,3700,0,6,3700,100,FALSE,100
440,Cooking Essentials,Arden Eggs Brown,8500,7,4,7900,348,FALSE,6
441,Munchies,Nestle Everyday Dairy Whitener,21000,0,4,21000,400,FALSE,400
442,Cooking Essentials,Tata Sampann Moong Dal Split,18000,1,5,17800,1000,FALSE,200
443,Munchies,Popular Essentials Misri Dana (Diamond Sugar) ,1500,0,4,1500,100,FALSE,100
444,Munchies,24 Mantra Organic Red Poha,7500,8,1,6900,500,FALSE,500
445,Cooking Essentials,Tata Sampann Kala Chana,6400,0,5,6400,500,FALSE,500
446,Munchies,Everest Powder - Tea Masala,9800,9,5,8900,100,FALSE,100
447,Munchies,Gowardhan Ghee Jar,59800,3,6,57900,1000,FALSE,1
448,Munchies,Tata Sampann Urad Dal Split,9400,4,6,9000,500,FALSE,500
449,Munchies,Top Ramen  Noodles Curry Veg Pouch,2000,0,1,2000,70,FALSE,70
450,Munchies,Popular Essentials Idli Sooji ,3000,6,6,2800,500,FALSE,500
451,Cooking Essentials,Saffola Soya Chunks Mealmaker,5000,0,2,5000,200,FALSE,200
452,Munchies,Popular Essentials Refined Sugar,6000,0,6,6000,1000,FALSE,1
453,Munchies,Popular Essentials Dessicated Coconut,9500,9,6,8600,200,FALSE,200
454,Cooking Essentials,Gits Veg Biryani Ready to Eat,11000,10,6,9900,265,FALSE,265
455,Cooking Essentials,24 Mantra Bura Sugar (Demerara),8000,10,6,7200,500,FALSE,500
456,Munchies,Fortune Kachi Ghani Mustard Oil Bottle,21600,7,6,19900,1000,FALSE,1
457,Cooking Essentials,Popular Essentials Popular Essential Pista Salted (With Shell),19000,10,6,17100,100,FALSE,100
458,Cooking Essentials,Delight Nuts Cranberries Sliced ,29900,20,6,23900,200,FALSE,200
459,Cooking Essentials,Borges Durum Wheat Pasta Superior Quality,25000,40,6,14900,500,FALSE,500
460,Cooking Essentials,Ceres Foods Laal Maas Instant Liquid Masala,22000,50,5,11000,200,FALSE,200
461,Munchies,Tata Salt Lite,4000,10,6,3600,1000,FALSE,1
462,Cooking Essentials,Godrej Yummiez Chicken Punjabi Tikka ,29500,9,6,26600,360,FALSE,360
463,Munchies,Hershey's Syrup Delicious Strawberry,9500,0,1,9500,200,FALSE,200
464,Cooking Essentials,Weikfield Cooker Cake Mix - Chocolate,9500,6,6,8900,150,FALSE,150
465,Cooking Essentials,ITC Master Chef Butter Chicken,7500,30,6,5200,80,FALSE,80
466,Cooking Essentials,Everest Kitchen King Masala,3700,2,6,3600,50,FALSE,50
467,Munchies,Dabur Honey ,22000,7,3,20400,500,FALSE,500
468,Cooking Essentials,Masala Oats Masala & Coriander ,19500,9,5,17600,500,FALSE,500
469,Munchies,Sunfeast Yippee! Pasta Treat - Sour Cream Onion,2800,17,3,2300,65,FALSE,65
470,Cooking Essentials,Smith & Jones Mutter Paneer Masala,4200,0,6,4200,60,FALSE,60
471,Munchies,Everest Tea Masala,5500,9,2,5000,50,FALSE,50
472,Cooking Essentials,Kitchens of India Dal Bukhara Gravy Mix,11000,30,6,7700,285,FALSE,285
473,Munchies,Ching's Paneer Chilli Masala,4400,0,4,4400,60,FALSE,60
474,Cooking Essentials,Popular Essentials Fried Gram (Bengal Gram),7000,10,6,6300,500,FALSE,500
475,Munchies,Sunfeast YiPPee! Magic Masala Noodles,7000,10,3,6300,405,FALSE,405
476,Munchies,Everest Meat Masala Powder,7400,9,3,6700,100,FALSE,100
477,Munchies,Pillsbury Atta With Multigrains Wheat Grains,29500,16,6,24500,5000,FALSE,5
478,Munchies,Mother's Recipe Tamarind Paste,5000,2,6,4900,200,FALSE,200
479,Munchies,Quaker Oats Breakfast Cereals - With Flavour Mix Nutritious Rich Source Of Energy,4900,8,6,4500,200,FALSE,200
480,Munchies,Popular Essentials Cloves (Lavang),7500,17,6,6200,50,FALSE,50
481,Cooking Essentials,Gits Jalebi with Maker Dessert Mix,7500,16,6,6300,100,FALSE,100
482,Munchies,Sunfeast Yippee! Power Up Atta Noodles,9600,15,6,8100,280,FALSE,280
483,Cooking Essentials,Chef's Basket Durum Wheat Fusilli Pasta,16000,50,6,8000,500,FALSE,500
484,Cooking Essentials,Popular Essentials Soya Beans ,8000,6,6,7500,500,FALSE,500
485,Munchies,Suhana Paneer Tikka Masala Mix,4000,5,6,3800,50,FALSE,50
486,Cooking Essentials,TilSona Til Oil,18000,10,2,16200,500,FALSE,500
487,Munchies,Sunfeast Yippee! Mood Masala Noodles,6000,28,3,4300,260,FALSE,260
488,Munchies,Chef's Basket Durum Wheat Elbow Pasta,16000,50,6,8000,500,FALSE,500
489,Munchies,MTR Breakfast Khatta Meetha Poha Mix,2500,20,6,2000,60,FALSE,60
490,Cooking Essentials,Popular Essentials Regular White Lobia,7000,10,6,6300,500,FALSE,500
491,Munchies,Satyam Khobra,11300,10,5,10100,200,FALSE,200
492,Munchies,Saffola Veggie Twist Masala Oats,1500,0,6,1500,38,FALSE,38
493,Cooking Essentials,Puro Healthy Salt Crystal,13500,7,6,12500,1000,FALSE,1
494,Munchies,Betty Crocker Complete Pancake Mix Original,11000,4,6,10500,250,FALSE,500
495,Cooking Essentials,Popular Essentials Green Cardamom (Elaichi),20000,1,6,19800,50,FALSE,50
496,Cooking Essentials,24 Mantra Organic Roasted Bengal Gram Dal,10500,7,6,9700,500,FALSE,500
497,Cooking Essentials,Popular Essentials Premium Jeera Rice,14000,0,5,14000,1000,FALSE,1
498,Munchies,24 Mantra Turmeric Powder,3500,2,6,3400,100,FALSE,100
499,Cooking Essentials,Top Ramen Chicken Noodles,6000,10,1,5400,280,FALSE,280
500,Munchies,Borges Durum Wheat Fusilli Pasta ,25000,0,3,25000,500,FALSE,500
501,Cooking Essentials,Keya Italian Seasoning,10900,10,6,9800,35,FALSE,35
502,Cooking Essentials,Smith & Jones Shahi Paneer Masala Mix,4400,0,6,4400,60,FALSE,60
503,Munchies,24 Mantra Super Grain Quinoa,19000,0,4,19000,500,FALSE,500
504,Cooking Essentials,Hershey's Syrup Delicious Strawberry,9500,0,1,9500,200,FALSE,200
505,Cooking Essentials,Everest Chaat Masala,3500,2,1,3400,50,FALSE,50
506,Cooking Essentials,MTR Idli/Dosa/Chilly Chutney Powder,11500,0,3,11500,200,FALSE,200
507,Munchies,24 Mantra Organic Green Moong Dal - Split,13500,0,2,13500,500,FALSE,500
508,Munchies,Everest Powder - Egg Curry Masala,4000,2,6,3900,50,FALSE,50
509,Munchies,Satyam Puffed Rice Kurmura (R),2300,0,6,2300,200,FALSE,200
510,Cooking Essentials,Keya Wonder Red Hot Chilli Flakes,8900,10,2,8000,40,FALSE,40
511,Cooking Essentials,Betty Crocker Mug Treats - Chocolate Mix - Pack of 4,20000,11,6,17800,264,FALSE,264
512,Munchies,Popular Essentials Anjeer,19000,11,4,16900,100,FALSE,100
513,Cooking Essentials,Popular Essentials Anjeer,19000,11,4,16900,100,FALSE,100
514,Cooking Essentials,Delight Nuts Trail Mix ,39900,25,6,29900,200,FALSE,200
515,Munchies,Weikfield Vanilla Flavoured Custard Powder,3700,0,6,3700,100,FALSE,100
516,Munchies,Popular Essentials Pe Shah Jeera ,6000,15,6,5100,50,FALSE,50
517,Munchies,Popular Essentials Mustard Seeds Rai Small,2000,0,2,2000,100,FALSE,100
518,Cooking Essentials,Praakritik Organic Chilka Moong Dal,12000,10,6,10800,500,FALSE,500
519,Munchies,Quaker Oats,7900,0,2,7900,400,FALSE,400
520,Munchies,24 Mantra Organic Sattu Atta,9500,0,6,9500,500,FALSE,500
521,Munchies,Saffola Gold Oil (Pouch),21500,0,6,21500,1000,FALSE,1
522,Munchies,Weikfield Baking Powder,3300,3,6,3200,100,FALSE,100
523,Cooking Essentials,Popular Essentials Rozana Sona Masuri Raw Rice,35000,10,5,31200,5000,FALSE,5
524,Munchies,Smith & Jones Pasta Masala,4600,0,6,4600,54,FALSE,54
525,Munchies,Dabur Honey Squeezy,18500,9,6,16700,225,FALSE,225
526,Munchies,Weikfield Vanilla Custard Powder,14200,9,3,12800,500,FALSE,500
527,Cooking Essentials,24 Mantra Mustard Oil (Cold Pressed) ,35000,10,6,31200,1000,FALSE,1
528,Munchies,Tata Sampann High Protein Kali Urad,9100,14,6,7800,500,FALSE,500
529,Cooking Essentials,Popular Essentials Sattu Atta,9000,12,3,7900,500,FALSE,500
530,Cooking Essentials,Smith & Jones Garlic & Herbs Masala Mix,9900,0,6,9900,75,FALSE,75
531,Cooking Essentials,24 Mantra Organic Black Pepper,17000,7,6,15700,100,FALSE,100
532,Munchies,Sugarfree Natura Low Calorie Sweetner ,30000,10,3,27000,42,FALSE,42
533,Cooking Essentials,Popular Essentials Mustard Seeds Rai Yellow,2500,0,5,2500,100,FALSE,100
534,Munchies,Everest Kitchen King Masala,3700,2,6,3600,50,FALSE,50
535,Cooking Essentials,Eastern Tamarind,6300,0,6,6300,200,FALSE,200
536,Munchies,Fortune Sunlite Refined Sunflower (Jar),92500,0,6,92500,5000,FALSE,5
537,Munchies,Pillsbury Vanilla Custard Powder,3700,2,6,3600,100,FALSE,100
538,Cooking Essentials,Popular Essentials Mustard Seeds Rai Small,2000,0,2,2000,100,FALSE,100
539,Munchies,Fortune Rice Bran (Pouch),22500,11,6,19900,1000,FALSE,1
540,Cooking Essentials,Popular Essentials White Peas (Un-Polished),8000,10,5,7200,500,FALSE,500
541,Munchies,Saffola Active Oil,21000,0,6,21000,1000,FALSE,1
542,Cooking Essentials,Tong Garden Wasabi Coated Greenpeas Tin,20000,11,6,17800,180,FALSE,180
543,Munchies,24 Mantra Organic Rajma,14500,0,6,14500,500,FALSE,500
544,Munchies,Tata Sampann Moong Dal Split,18000,1,5,17800,1000,FALSE,200
545,Cooking Essentials,Ching’s Secret Chowmein Hakka Noodles Masala ,4400,0,2,4400,60,FALSE,60
546,Cooking Essentials,Popular Essentials Green Moong Whole,9000,16,3,7500,500,FALSE,500
547,Cooking Essentials,Weikfield Baking Powder,3300,3,6,3200,100,FALSE,100
548,Munchies,Amul Pure Ghee (Pouch),50500,1,2,49900,1000,FALSE,1
549,Cooking Essentials,Flying Bird Pineapple Artifical Food Essence,5000,2,6,4900,20,FALSE,20
550,Munchies,Aashirvaad Select Sharbati Atta,31500,10,6,28300,5000,FALSE,5
551,Cooking Essentials,Praakritik Organic Extra Virgin Coconut Oil,15000,10,5,13400,100,FALSE,100
552,Munchies,Popular Essentials Broken Wheat/Daliya,3500,2,6,3400,500,FALSE,500
553,Munchies,Tata Sampann Kala Chana,6400,0,5,6400,500,FALSE,500
554,Cooking Essentials,24 Mantra Organic Masoor Dal - Split,9500,7,6,8800,500,FALSE,500
555,Cooking Essentials,Mother's Recipe Tamarind Paste,5000,2,2,4900,200,FALSE,200
556,Cooking Essentials,Dabur Honey Squeezy,18500,9,6,16700,225,FALSE,225
557,Munchies,Chef's Basket Durum Wheat Fusilli Pasta,16000,50,6,8000,500,FALSE,500
558,Cooking Essentials,Praakritik Organic Garlic Powder,11000,1,5,10800,100,FALSE,100
559,Munchies,Zorabian Chicken Smoked Ham,20500,5,1,19400,250,FALSE,250
560,Cooking Essentials,Sugarfree Gold Low Calorie Sweetner ,12500,5,6,11800,100,FALSE,100
561,Munchies,Popular Essentials Refined Sugar,29500,10,6,26500,5000,FALSE,5
562,Cooking Essentials,Tata Sampann Unpolished Chana Dal,9500,6,2,8900,1000,FALSE,500
563,Cooking Essentials,Japanese Choice Udon Noodles,29500,9,6,26600,250,FALSE,250
564,Cooking Essentials,Aashirvaad Breakfast Instant Mix - Rice Idli,7500,30,6,5200,200,FALSE,200
565,Munchies,TilSona Til Oil,18000,10,2,16200,500,FALSE,500
566,Munchies,Saffola Soya Chunks Mealmaker,5000,0,2,5000,200,FALSE,200
567,Munchies,Smith & Jones Peri Peri Masala,9900,0,6,9900,75,FALSE,75
568,Cooking Essentials,Smith & Jones Pasta Masala,6000,10,5,5400,108,FALSE,108
569,Munchies,Top Ramen Chicken Noodles,6000,10,1,5400,280,FALSE,280
570,Cooking Essentials,Kitchens Of India Mutter Paneer,13000,4,6,12400,285,FALSE,285
571,Cooking Essentials,Praakritik Organic Natural Rock Salt,6000,6,3,5600,500,FALSE,500
572,Munchies,24 Mantra Bura Sugar (Demerara),8000,10,6,7200,500,FALSE,500
573,Cooking Essentials,Catch Black Pepper Sprinkler,10000,0,1,10000,50,FALSE,50
574,Munchies,Popular Essentials Green Cardamom (Elaichi),20000,1,6,19800,50,FALSE,50
575,Cooking Essentials,Tata Sampann High Protein Kali Urad,9100,14,6,7800,500,FALSE,500
576,Munchies,Saffola Veggie Twist Masala Oats,19500,12,2,17100,500,FALSE,500
577,Munchies,Everest Chaat Masala,3500,2,1,3400,50,FALSE,50
578,Munchies,Popular Essentials Urad Dal Split (Un-Polished),8500,9,5,7700,500,FALSE,500
579,Cooking Essentials,Pantai Coconut Milk,15000,0,4,15000,400,FALSE,400
580,Munchies,Keya Wonder Red Hot Chilli Flakes,8900,10,2,8000,40,FALSE,40
581,Cooking Essentials,Ching's Secret Instant Hot Garlic Noodles,1500,0,3,1500,60,FALSE,60
582,Munchies,Weikfield Baking Powder,2200,0,6,2200,50,FALSE,50
583,Cooking Essentials,Praakritik Organic Masoor Dal,13000,10,6,11600,500,FALSE,500
584,Munchies,Popular Essentials White Peas (Un-Polished),8000,10,5,7200,500,FALSE,500
585,Munchies,Popular Essentials Bajra Whole,6500,13,6,5600,1000,FALSE,1
586,Munchies,Ching’s Secret Chowmein Hakka Noodles Masala ,4400,0,2,4400,60,FALSE,60
587,Munchies,Weikfield Veg Jelly Crystals - Strawberry,4500,2,6,4400,90,FALSE,90
588,Munchies,Weikfield Veg Jelly Crystals - Raspberry,4500,2,6,4400,90,FALSE,90
589,Cooking Essentials,Popular Essentials Classic Sona Masuri Rice,43000,10,6,38700,5000,FALSE,5
590,Munchies,Popular Essentials Masoor Dal Split (Un-Polished),7000,10,4,6300,500,FALSE,500
591,Cooking Essentials,Popular Essentials Salted Murmure ,7000,18,6,5700,400,FALSE,400
592,Munchies,Dhara Filtered Groundnut Oil (Jar),105000,1,6,103500,5000,FALSE,5
593,Munchies,Popular Essentials Ajwain Whole,5000,12,2,4400,100,FALSE,100
594,Cooking Essentials,Oleev Active Oil (Pouch),26500,9,6,23900,1000,FALSE,1
595,Cooking Essentials,Amul Mithai Mate EOE Tin,11200,2,6,10900,400,FALSE,400
596,Cooking Essentials,Praakritik Organic Jowar Atta,11000,6,6,10300,500,FALSE,500
597,Munchies,24 Mantra Mustard Oil (Cold Pressed) ,35000,10,6,31200,1000,FALSE,1
598,Munchies,MTR 3 Min Poha,2500,0,6,2500,60,FALSE,60
599,Munchies,Tong Garden Wasabi Coated Greenpeas Tin,20000,11,6,17800,180,FALSE,180
600,Cooking Essentials,Sugarfree Gold Low Calorie Sweetner ,27000,7,6,25100,50,FALSE,50
601,Munchies,Ching's Manchurian Instant Noodles,1500,0,5,1500,60,FALSE,60
602,Munchies,24 Mantra Organic Black Pepper,17000,7,6,15700,100,FALSE,100
603,Munchies,Flying Bird Pineapple Artifical Food Essence,5000,2,6,4900,20,FALSE,20
604,Cooking Essentials,Epicurea Thai Jasmine Rice,29500,0,4,29500,500,FALSE,500
605,Munchies,Everest Pav Bhaji Masala,7000,0,2,7000,100,FALSE,100
606,Munchies,Popular Essentials Green Moong Whole,9000,16,3,7500,500,FALSE,500
607,Munchies,Pillsbury Choco Chip Pancake Mix,9900,5,6,9400,165,FALSE,165
608,Cooking Essentials,24 Mantra Sunflower Oil (Cold Pressed) Pet Bottle,39000,11,5,34700,1000,FALSE,1
609,Cooking Essentials,Delight Nuts Dried Blueberries ,54000,20,6,43200,150,FALSE,150
610,Cooking Essentials,Pillsbury Chakki Fresh Atta,45000,16,6,37500,10000,FALSE,10
611,Munchies,Hershey's Caramel Syrup,23000,0,1,23000,623,FALSE,623
612,Cooking Essentials,"Ching's Secret Instant Noodles, Hot Garlic",6000,0,4,6000,240,FALSE,240
613,Munchies,Popular Essentials Pista Salted (With Shell),47000,21,5,37100,250,FALSE,250
614,Cooking Essentials,Ching's Secret Veg Manchurian Masala,4400,0,6,4400,60,FALSE,60
615,Cooking Essentials,Popular Essentials Double Beans White,6000,10,6,5400,250,FALSE,250
616,Cooking Essentials,Saffola Everyday Peppy Tomato Masala Oats,19500,12,6,17100,500,FALSE,500
617,Cooking Essentials,Dabur Ginger Garlic Paste,2500,8,3,2300,100,FALSE,100
618,Cooking Essentials,24 Mantra Organic Rajma,14500,0,6,14500,500,FALSE,500
619,Cooking Essentials,Dabur 100% Pure Honey - Worlds No.1,43000,10,6,38700,1000,FALSE,1
620,Munchies,Mother's Recipe Tamarind Paste,5000,2,2,4900,200,FALSE,200
621,Cooking Essentials,Yummiez Chicken Garlic Fingers Pouch,25000,0,5,25000,400,FALSE,400
622,Cooking Essentials,Popular Essentials Broken Wheat/Daliya,3500,2,6,3400,500,FALSE,500
623,Munchies,Pillsbury Multi Grain Atta,6000,6,3,5600,1000,FALSE,1
624,Cooking Essentials,Popular Essentials Star Anise,7000,10,5,6300,25,FALSE,25
625,Munchies,24 Mantra Organic Masoor Dal - Split,9500,7,6,8800,500,FALSE,500
626,Munchies,The Bake Shop Bread Crumbs,5000,6,3,4700,400,FALSE,400
627,Cooking Essentials,Popular Essentials Jowa Flour,5000,2,5,4900,500,FALSE,500
628,Munchies,Hershey's Chocolate Flavour Syrup,22000,6,6,20500,623,FALSE,680
629,Munchies,Japanese Choice Udon Noodles,29500,9,6,26600,250,FALSE,250
630,Cooking Essentials,Everest Shahi Biryani Masala,24500,0,6,24500,200,FALSE,200
631,Cooking Essentials,Popular Essentials Black Til,5000,6,4,4700,100,FALSE,100
632,Munchies,Popular Essentials Horse Gram,4000,10,4,3600,500,FALSE,500
633,Cooking Essentials,Ching's Secret Chicken 65 Masala - Chicken,1000,0,5,1000,20,FALSE,20
634,Cooking Essentials,Delight Nuts Almond Natural ,34900,20,6,27900,200,FALSE,200
635,Cooking Essentials,Popular Essentials Pancharatna Dal,8000,10,6,7200,500,FALSE,500
636,Munchies,Hershey's Chocolate Syrup,9500,0,4,9500,200,FALSE,200
637,Cooking Essentials,Praakritik Organic Jaggery,16000,6,6,15000,900,FALSE,900
638,Cooking Essentials,Zorabian Chicken Smoked Ham,20500,5,1,19400,250,FALSE,250
639,Cooking Essentials,Smith & Jones Peri Peri Masala,9900,0,6,9900,75,FALSE,75
640,Munchies,Godrej Yummiez Chilli Chicken Sausages ,16000,10,3,14400,250,FALSE,250
641,Munchies,Everest Kasuri Methi,2500,0,6,2500,25,FALSE,25
642,Munchies,Praakritik Organic Natural Rock Salt,6000,6,3,5600,500,FALSE,500
643,Munchies,Satyam Makhana,20800,0,6,20800,100,FALSE,100
644,Cooking Essentials,Everest Chicken Masala,3900,2,1,3800,50,FALSE,50
645,Cooking Essentials,Everest Tandoori Chicken Masala,7400,9,3,6700,100,FALSE,100
646,Munchies,Popular Essentials Dhania (Coriander Seeds),5500,16,4,4600,200,FALSE,200
647,Cooking Essentials,Saffola 100% Pure Honey,47500,8,2,43700,1000,FALSE,750
648,Munchies,Pantai Coconut Milk,15000,0,4,15000,400,FALSE,400
649,Cooking Essentials,Popular Essentials Tamarind,15000,14,6,12800,500,FALSE,500
650,Munchies,24 Mantra Red Chilly Whole,7000,7,1,6500,100,FALSE,100
651,Cooking Essentials,Cadbury Cocoa Powder,22300,5,6,21100,150,FALSE,150
652,Cooking Essentials,Dhara Life Refined Ricebran Oil (Pouch),20500,7,6,19000,1000,FALSE,1
653,Munchies,24 Mantra Sunflower Oil (Cold Pressed) Pet Bottle,39000,11,5,34700,1000,FALSE,1
654,Cooking Essentials,Gits Rice Dosa Instant Breakfast Mix,6000,5,5,5700,200,FALSE,200
655,Cooking Essentials,RRO Primio Refined Groundnut (Jar),49000,11,6,43600,2000,FALSE,2
656,Cooking Essentials,Praakritik Natural Desi Gir Cow A2 Ghee,145000,10,6,130500,540,FALSE,540
657,Munchies,Praakritik Organic Masoor Dal,13000,10,6,11600,500,FALSE,500
658,Munchies,"Ching's Secret Instant Noodles, Hot Garlic",6000,0,4,6000,240,FALSE,240
659,Munchies,Popular Essentials Classic Sona Masuri Rice,43000,10,6,38700,5000,FALSE,5
660,Munchies,Saffola Everyday Peppy Tomato Masala Oats,19500,12,6,17100,500,FALSE,500
661,Munchies,Dabur Honey - World's No.1,12000,0,6,12000,250,FALSE,250
662,Cooking Essentials,Borges Extra Virgin Olive Oil,40000,25,1,29900,250,FALSE,250
663,Munchies,Popular Essentials Salted Murmure ,7000,18,6,5700,400,FALSE,400
664,Cooking Essentials,Everest Shahi Biryani Masala,7000,14,6,6000,50,FALSE,50
665,Munchies,Dabur 100% Pure Honey - Worlds No.1,43000,10,6,38700,1000,FALSE,1
666,Cooking Essentials,Popular Essentials Poppy Seeds (Gasagase),28000,7,6,26000,100,FALSE,100
667,Cooking Essentials,Ching's Secret Instant Schezwan Noodles,1500,0,6,1500,60,FALSE,60
668,Cooking Essentials,Praakritik Organic Tuvar Dal,14000,0,6,14000,500,FALSE,500
669,Cooking Essentials,Popular Essentials Californian Almond,35000,28,6,25100,250,FALSE,250
670,Cooking Essentials,Popular Essentials Red Poha,4500,4,6,4300,500,FALSE,500
671,Cooking Essentials,Hershey's Hot Chocolate Powder,21000,0,4,21000,250,FALSE,250
672,Munchies,Oleev Active Oil (Pouch),26500,9,6,23900,1000,FALSE,1
673,Cooking Essentials,Dabur Ginger Garlic Paste,5000,6,0,4700,200,TRUE,200
674,Cooking Essentials,Praakritik Organic Raw Sugar,9000,6,6,8400,500,FALSE,500
675,Cooking Essentials,Sugarfree Gold Low Calorie Sweetner,18500,5,3,17500,300,FALSE,300
676,Munchies,Delight Nuts Dried Blueberries ,54000,20,6,43200,150,FALSE,150
677,Munchies,24 Mantra Organic Puffed Rice,4000,2,6,3900,200,FALSE,200
678,Cooking Essentials,Gowardhan Ghee/Tuppa Jar,31500,1,6,30900,500,FALSE,500
679,Cooking Essentials,Cantina Beans Mexican Beans,25000,14,6,21300,410,FALSE,410
680,Cooking Essentials,Ching's Secret Veg Hakka Noodles,10700,0,0,10700,600,TRUE,600
681,Munchies,Popular Essentials Double Beans White,6000,10,6,5400,250,FALSE,250
682,Munchies,Everest Tandoori Chicken Masala,3900,2,5,3800,50,FALSE,50
683,Cooking Essentials,Everest Kitchen King Masala,14200,9,6,12800,200,FALSE,200
684,Munchies,Smith & Jones Pasta Masala,6000,10,5,5400,108,FALSE,108
685,Cooking Essentials,MTR Masala - Sambar Powder,11500,0,4,11500,200,FALSE,200
686,Munchies,Weikfield Falooda Mix - Kesar Pista,4900,2,3,4800,200,FALSE,200
687,Cooking Essentials,RRO Til Dil Premium Til Oil Bottle,17300,6,6,16200,500,FALSE,500
688,Munchies,24 Mantra Organic Wheat Daliya ,4800,2,2,4700,500,FALSE,500
689,Munchies,Catch Black Pepper Sprinkler,10000,0,1,10000,50,FALSE,50
690,Munchies,Weikfield Cocoa Powder,7000,7,6,6500,50,FALSE,50
691,Cooking Essentials,Tata Sampann Unpolished Moong Dal ,9200,4,4,8800,500,FALSE,500
692,Cooking Essentials,Popular Essentials Ajwain Whole,2500,0,4,2500,50,FALSE,50
693,Cooking Essentials,ITC Master Chef Vegetable Biryani Cooking Paste,7500,30,5,5200,80,FALSE,80
694,Munchies,Weikfield Cooker Cake Mix - Chocolate,9500,6,6,8900,150,FALSE,150
695,Cooking Essentials,Aashirvaad Select Atta,6400,0,6,6400,1000,FALSE,1
696,Munchies,Delight Nuts Almond Natural ,34900,20,6,27900,200,FALSE,200
697,Cooking Essentials,Popular Essentials Misri Dana (Diamond Sugar) ,1500,0,4,1500,100,FALSE,100
698,Munchies,24 Mantra Organic Ragi Flour,6500,20,4,5200,500,FALSE,500
699,Munchies,Pantai Coconut Cream,15000,4,4,14300,400,FALSE,400
700,Munchies,Praakritik Organic Jaggery,16000,6,6,15000,900,FALSE,900
701,Munchies,ITC Master Chef Butter Chicken,7500,30,6,5200,80,FALSE,80
702,Munchies,Praakritik Organic Raw Sugar,9000,6,6,8400,500,FALSE,500
703,Munchies,MTR Masala - Sambar Powder,11500,0,4,11500,200,FALSE,200
704,Munchies,Popular Essentials Coriander Seeds,1500,0,5,1500,50,FALSE,50
705,Munchies,RRO Til Dil Premium Til Oil Bottle,17300,6,6,16200,500,FALSE,500
706,Munchies,Masala Oats Masala & Coriander ,19500,9,5,17600,500,FALSE,500
707,Munchies,ITC Master Chef Vegetable Biryani Cooking Paste,7500,30,5,5200,80,FALSE,80
708,Cooking Essentials,Borges Farfalle Durum Wheat Pasta ,25000,0,5,25000,500,FALSE,500
709,Munchies,Ching's Singapore Curry Instant Noodles,6000,0,4,6000,240,FALSE,240
710,Cooking Essentials,Everest Tikhalal Chilli Powder,23500,9,6,21200,500,FALSE,500
711,Munchies,Smith & Jones Mutter Paneer Masala,4200,0,6,4200,60,FALSE,60
712,Cooking Essentials,Jivana Jaggery,10000,0,2,10000,950,FALSE,950
713,Cooking Essentials,Satyam Chilli  Bedgi,8200,10,5,7300,100,FALSE,100
714,Munchies,Popular Essentials Cinnamon Whole (Dalchini),3500,5,6,3300,25,FALSE,25
715,Cooking Essentials,Popular Essentials Kabuli Chana Regular,8500,9,6,7700,500,FALSE,500
716,Munchies,Jivana Jaggery,10000,0,2,10000,950,FALSE,950
717,Cooking Essentials,Aashirvaad Instant Mix - Rice Dosa,7500,30,6,5200,200,FALSE,200
718,Munchies,Eastern Fish Masala,4800,2,5,4700,100,FALSE,100
719,Munchies,Gowardhan Cow Ghee Pouch,57900,10,6,52100,1000,FALSE,1
720,Munchies,Sundrop Super Lite Advanced - Sunflower Oil,21500,0,4,21500,1000,FALSE,1
721,Munchies,Kitchens of India Dal Bukhara Gravy Mix,11000,30,6,7700,285,FALSE,285
722,Munchies,Aashirvaad Atta,46000,13,6,39900,10000,FALSE,10
723,Munchies,Praakritik Organic Besan,17000,6,6,15900,500,FALSE,500
724,Munchies,Pillsbury Atta/Godihittu - Chakki Fresh,10200,7,4,9400,2000,FALSE,2
725,Cooking Essentials,Praakritik Organic Besan,17000,6,6,15900,500,FALSE,500
726,Munchies,MTR Instant Gulab Jamun Mix,19500,9,6,17600,500,FALSE,500
727,Munchies,Pillsbury Atta/Godihittu - Chakki Fresh,27500,0,6,27500,5000,FALSE,5
728,Cooking Essentials,Pillsbury Chakki Fresh Atta,5200,0,4,5200,1000,FALSE,1
729,Munchies,Maggi Magic Cubes Extra Chicken,19900,0,2,19900,240,FALSE,240
730,Cooking Essentials,MTR Instant Gulab Jamun Mix,19500,9,6,17600,500,FALSE,500
731,Cooking Essentials,Hershey's Cocoa - Natural Unsweetened,27000,10,4,24300,225,FALSE,225
732,Munchies,On1y Mixed Herbs,9900,0,6,9900,14,FALSE,14
733,Cooking Essentials,Maggi Magic Cubes Extra Chicken,19900,0,2,19900,240,FALSE,240
734,Munchies,Popular Essentials Urad Gola Black (Un-Polished),8000,10,6,7200,500,FALSE,500
735,Munchies,Popular Essentials Green Moong Chilka/Chilka (Un-Polished),8500,7,5,7900,500,FALSE,500
736,Munchies,Dhara Nourish Refined Sunflower Oil Pouch,21000,5,6,19900,1000,FALSE,1
737,Munchies,Gits Dessert Mix China Grass Bombay Halwa,5500,0,4,5500,80,FALSE,80
738,Munchies,Popular Essentials Toor Dal (Un-Polished),16000,6,4,14900,1000,FALSE,1
739,Munchies,Praakritik Organic Basmati Rice,17000,0,5,17000,500,FALSE,500
740,Cooking Essentials,Popular Essentials Saunf/Fennel Seeds,4500,2,6,4400,100,FALSE,100
741,Munchies,Ceres Foods Nalli Nihari Instant Liquid Masala,22000,50,6,11000,200,FALSE,200
742,Cooking Essentials,Gowardhan Ghee Jar,59800,3,6,57900,1000,FALSE,1
743,Munchies,Parachute Oil ,4000,7,3,3700,100,FALSE,100
744,Munchies,"Oleev Smart Oil Fortified with VIT A, D, E & K (Pouch)",21500,9,4,19400,1000,FALSE,1
745,Munchies,Borges Canola Oil Pet Bottle,39900,0,6,39900,1000,FALSE,1
746,Cooking Essentials,Saffola Oats 100 % Natural,1500,0,0,1500,38,TRUE,38
747,Munchies,Everest Dry Ginger Powder,7500,9,4,6800,100,FALSE,100
748,Munchies,Suhana Biryani Masala,6600,0,6,6600,50,FALSE,50
749,Cooking Essentials,Everest Kashmiri Lal Chilli Powder,31000,10,0,27900,500,TRUE,500
750,Munchies,Pillsbury Cooker Cake Mix - Choco,10000,11,6,8900,159,FALSE,159
751,Munchies,Popular Essentials HMT Kolam Steam,7500,0,3,7500,1000,FALSE,1
752,Cooking Essentials,Popular Essentials Black Raisins Seedless,6000,10,0,5400,100,TRUE,100
753,Munchies,Amul Ghee (Tin),52000,2,6,50900,1000,FALSE,1
754,Munchies,Popular Essentials Fried Gram (Bengal Gram),7000,10,6,6300,500,FALSE,500
755,Munchies,On1y Black Salt Grinder,9900,0,6,9900,100,FALSE,100
756,Cooking Essentials,Pillsbury Oven Cake Mix - Rich Chocolate,16500,10,5,14700,285,FALSE,285
757,Munchies,Amul Fresh Cream,19700,3,3,19100,1000,FALSE,1
758,Cooking Essentials,On1y Mixed Herbs,9900,0,6,9900,14,FALSE,14
759,Munchies,Popular Essentials Black Urad Split,8000,10,4,7200,500,FALSE,500
760,Munchies,Popular Essentials Plain Puffed Rice (Murmura/Muri),1800,0,6,1800,100,FALSE,100
761,Munchies,Hersheys Chocolate Almond Syrup,20000,0,2,20000,450,FALSE,450
762,Munchies,Keya Oregano,10900,10,5,9800,9,FALSE,9
763,Cooking Essentials,Weikfield Veg Jelly Crystals - Mango,4500,2,6,4400,90,FALSE,90
764,Cooking Essentials,Daawat Rozana Super Basmati Rice,7900,0,0,7900,1000,TRUE,1
765,Munchies,Gits Jalebi with Maker Dessert Mix,7500,16,6,6300,100,FALSE,100
766,Cooking Essentials,Top Ramen  Noodles Curry Veg Pouch,2000,0,1,2000,70,FALSE,70
767,Munchies,Amul Mithai Mate Condensed Sweetened Milk,5600,3,4,5400,200,FALSE,200
768,Munchies,Popular Essentials Pure Jaggery,5000,2,6,4900,450,FALSE,450
769,Cooking Essentials,Eastern Super Garam Masala,7400,6,2,6900,200,FALSE,200
770,Munchies,Saffola Gold (Jar),124000,0,6,124000,5000,FALSE,5
771,Cooking Essentials,Saffola Veggie Twist Masala Oats,19500,12,2,17100,500,FALSE,500
772,Cooking Essentials,Popular Essentials Urad Gola Black (Un-Polished),8000,10,6,7200,500,FALSE,500
773,Cooking Essentials,Everest Cumin Powder (Jeera),3000,3,0,2900,50,TRUE,50
774,Cooking Essentials,Maggi Magic Cubes Extra Chicken,4000,2,6,3900,48,FALSE,48
775,Munchies,Aashirvaad Multigrain Atta,6400,3,2,6200,1000,FALSE,1
776,Cooking Essentials,Popular Essentials Urad Dal Split (Un-Polished),8500,9,5,7700,500,FALSE,500
777,Cooking Essentials,Praakritik Orrganic Cold Pressed Sesame Oil,13000,10,5,11700,100,FALSE,100
778,Cooking Essentials,Popular Essentials Refined Sugar,6000,0,6,6000,1000,FALSE,1
779,Munchies,McCain New Mini Samosa with Cheese Pizza Style Filling,12000,1,3,11800,240,FALSE,240
780,Munchies,Satyam Nighties Spices  Chilli Pandi,5600,7,5,5200,100,FALSE,100
781,Munchies,Fortune Soyabean Oil,100500,0,6,99900,5000,FALSE,5
782,Munchies,Popular Essentials Soya Beans ,8000,6,6,7500,500,FALSE,500
783,Cooking Essentials,Gits Dessert Mix China Grass Bombay Halwa,5500,0,4,5500,80,FALSE,80
784,Munchies,Popular Essentials Popular Essential Pista Salted (With Shell),19000,10,6,17100,100,FALSE,100
785,Cooking Essentials,Amulya Dairy Whitener ,38000,2,4,37200,1000,FALSE,1
786,Munchies,Fortune Rice Bran Health Oil (Jar),105000,1,6,103900,5000,FALSE,5
787,Munchies,Godrej Yummiez Chicken Punjabi Tikka ,29500,9,6,26600,360,FALSE,360
788,Cooking Essentials,Weikfield Baking Powder,2200,0,6,2200,50,FALSE,50
789,Cooking Essentials,Fortune Kachi Ghani Mustard Oil Bottle,21600,7,6,19900,1000,FALSE,1
790,Cooking Essentials,Everest Sambhar Masala,3400,2,0,3300,50,TRUE,50
791,Cooking Essentials,Popular Essentials Bansi Sooji,3500,2,3,3400,500,FALSE,500
792,Munchies,Popular Essentials Nylon Til,4000,2,6,3900,100,FALSE,100
793,Cooking Essentials,Saffola Veggie Twist Masala Oats,1500,0,6,1500,38,FALSE,38
794,Cooking Essentials,Praakritik Organic Basmati Rice,17000,0,5,17000,500,FALSE,500
795,Munchies,Arden Desi Eggs,11000,13,4,9500,348,FALSE,6
796,Munchies,Maggi Special Masala Spicy Yummy Noodles,7200,0,0,7200,280,TRUE,280
797,Cooking Essentials,Satyam Puffed Rice Kurmura (R),2300,0,6,2300,200,FALSE,200
798,Cooking Essentials,Maggi Chilly Chow Cuppa Noodles,5000,0,0,5000,70,TRUE,70
799,Cooking Essentials,Ceres Foods Nalli Nihari Instant Liquid Masala,22000,50,6,11000,200,FALSE,200
800,Cooking Essentials,Happilo Premium International Queen Kalmi Dates,24500,29,6,17200,200,FALSE,200
801,Munchies,Popular Essentials Pink Rajma,10000,10,6,9000,500,FALSE,500
802,Cooking Essentials,Quaker Oats,7900,0,2,7900,400,FALSE,400
803,Munchies,Popular Essentials Sunflower Seeds,2500,0,6,2500,50,FALSE,50
804,Munchies,Pillsbury Rich Choco Oven Cake Mix - Egg Free,17000,6,6,15900,270,FALSE,270
805,Munchies,Fortune Rozana Basmati Rice,58500,21,6,46200,5000,FALSE,5
806,Cooking Essentials,Borges Canola Oil Pet Bottle,39900,0,6,39900,1000,FALSE,1
807,Munchies,Everest Chicken Masala,7400,2,6,7200,100,FALSE,100
808,Cooking Essentials,Tata Sampann Unpolished Urad Whole,10100,6,4,9400,500,FALSE,500
809,Cooking Essentials,Suhana Biryani Masala,6600,0,6,6600,50,FALSE,50
810,Munchies,Weikfield Tomato Salsa Instant Pasta,2500,0,1,2500,77,FALSE,77
811,Munchies,24 Mantra Organic Roasted Bengal Gram Dal,10500,7,6,9700,500,FALSE,500
812,Munchies,Godrej Yummiez Chicken Breakfast Salami,15000,4,0,14300,250,TRUE,250
813,Cooking Essentials,Popular Essentials Mustard Seeds Rai Big,2000,0,0,2000,100,TRUE,100
814,Cooking Essentials,On1y Black Salt Grinder,9900,0,6,9900,100,FALSE,100
815,Munchies,Popular Essentials HMT Kolam Steam,37000,10,6,33300,5000,FALSE,5
816,Cooking Essentials,Aashirvaad Select Sharbati Atta,31500,10,6,28300,5000,FALSE,5
817,Munchies,Tata Sampann kabuli chana,18500,1,4,18300,1000,FALSE,500
818,Cooking Essentials,Popular Essentials Bajra Whole,6500,13,6,5600,1000,FALSE,1
819,Munchies,Keya Italian Seasoning,10900,10,6,9800,35,FALSE,35
820,Munchies,Praakritik Organic Jowar Atta,11000,6,6,10300,500,FALSE,500
821,Cooking Essentials,Weikfield Veg Jelly Crystals - Strawberry,4500,2,6,4400,90,FALSE,90
822,Munchies,Everest Saffron Kesar,12000,0,0,12000,1,TRUE,0
823,Cooking Essentials,Weikfield Veg Jelly Crystals - Raspberry,4500,2,6,4400,90,FALSE,90
824,Munchies,Fortune Biriyani Special Basmati Rice,17500,0,5,17500,1000,FALSE,1
825,Munchies,Sugarfree Gold Low Calorie Sweetner ,27000,7,6,25100,50,FALSE,50
826,Cooking Essentials,Popular Essentials Refined Sugar,29500,10,6,26500,5000,FALSE,5
827,Cooking Essentials,Popular Essentials Cashew Split,32500,12,6,28300,250,FALSE,250
828,Munchies,Epicurea Thai Jasmine Rice,29500,0,4,29500,500,FALSE,500
829,Munchies,Everest Shahi Paneer Masala,4200,4,5,4000,50,FALSE,50
830,Munchies,Dhara Groundnut Oil (Pouch),23000,11,6,20300,1000,FALSE,1
831,Munchies,Everest Garam Masala,7800,7,5,7200,100,FALSE,100
832,Munchies,Popular Essentials Star Anise,7000,10,5,6300,25,FALSE,25
833,Cooking Essentials,Patanjali Cow's Ghee,56500,0,0,56500,1000,TRUE,1
834,Cooking Essentials,Popular Essentials Chana Dal (Un-Polished),6000,10,6,5400,500,FALSE,500
835,Cooking Essentials,ITC Master Chef Hyderabadi Biryani,7500,30,5,5200,80,FALSE,80
836,Cooking Essentials,Popular Essentials Masoor Dal Split (Un-Polished),7000,10,4,6300,500,FALSE,500
837,Cooking Essentials,Gowardhan Cow Ghee Pouch,57900,10,6,52100,1000,FALSE,1
838,Cooking Essentials,Tata Sampann Unpolished Rajma (Chitra),13400,6,6,12500,500,FALSE,500
839,Cooking Essentials,Everest Amchur Powder,4200,2,0,4100,50,TRUE,50
840,Cooking Essentials,Popular Essentials Ajwain Whole,5000,12,2,4400,100,FALSE,100
841,Cooking Essentials,Daawat Super Basmati Rice,18500,8,0,16900,1000,TRUE,1
842,Cooking Essentials,Popular Essentials Pista Salted (With Shell),47000,21,5,37100,250,FALSE,250
843,Cooking Essentials,Popular Essentials Nylon Til,4000,2,6,3900,100,FALSE,100
844,Munchies,Yummiez Chicken Garlic Fingers Pouch,25000,0,5,25000,400,FALSE,400
845,Munchies,MTR Idli/Dosa/Chilly Chutney Powder,11500,0,3,11500,200,FALSE,200
846,Munchies,Delight Nuts Trail Mix ,39900,25,6,29900,200,FALSE,200
847,Munchies,RRO Primio Refined Groundnut (Jar),49000,11,6,43600,2000,FALSE,2
848,Munchies,Ching's Secret Chicken 65 Masala - Chicken,1000,0,5,1000,20,FALSE,20
849,Munchies,McCain New Mini Samosa with Cheese Corn Style Filling,12000,1,2,11800,240,FALSE,240
850,Munchies,Praakritik Organic Tuvar Dal,14000,0,6,14000,500,FALSE,500
851,Munchies,Satyam Puffed Rice Kurmura (A),4300,0,6,4300,200,FALSE,200
852,Munchies,Godrej Yummiez Chicken Nuggets,32500,9,1,29300,500,FALSE,500
853,Munchies,Praakritik Organic Chilka Moong Dal,12000,10,6,10800,500,FALSE,500
854,Munchies,Cadbury Cocoa Powder,22300,5,6,21100,150,FALSE,150
855,Munchies,Sugarfree Gold Low Calorie Sweetner,18500,5,3,17500,300,FALSE,300
856,"Dairy, Bread & Batter",Amul Processed Cheese Block,10600,0,6,10600,200,FALSE,200
857,Cooking Essentials,Pillsbury Rich Choco Oven Cake Mix - Egg Free,17000,6,6,15900,270,FALSE,270
858,Munchies,Praakritik Organic Kapli Wheat Atta,16500,10,6,14700,1000,FALSE,1
859,Munchies,Praakritik Natural Desi Gir Cow A2 Ghee,145000,10,6,130500,540,FALSE,540
860,Munchies,Smith & Jones Garlic & Herbs Masala Mix,9900,0,6,9900,75,FALSE,75
861,"Dairy, Bread & Batter",Nestle A+ Nourish Dahi,7000,2,6,6800,400,FALSE,400
862,Munchies,Popular Essentials Rozana Sona Masuri Raw Rice,35000,10,5,31200,5000,FALSE,5
863,Cooking Essentials,Weikfield Tomato Salsa Instant Pasta,2500,0,1,2500,77,FALSE,77
864,"Dairy, Bread & Batter",Arden Eggs Brown,8500,7,4,7900,348,FALSE,6
865,Munchies,Flying Bird Vanilla Essence,3500,2,6,3400,20,FALSE,20
866,"Dairy, Bread & Batter",Epigamia Misti Doi,3000,0,6,3000,85,FALSE,85
867,Munchies,Everest Sabji Masala,3000,3,6,2900,50,FALSE,50
868,"Dairy, Bread & Batter",Amul Cheese - Block,24500,2,6,24000,500,FALSE,500
869,Munchies,Praakritik Organic Poha,12000,6,5,11200,500,FALSE,500
870,"Dairy, Bread & Batter",Amul Butter - Pasteurised (School Pack),5900,3,6,5700,100,FALSE,100
871,Munchies,Popular Essentials Californian Almond,69500,32,6,47000,500,FALSE,500
872,Munchies,Praakritik Organic Natural Wild Forest Honey,16000,6,4,15000,200,FALSE,200
873,"Dairy, Bread & Batter",Britannia Brown Bread ,4200,0,4,4200,400,FALSE,400
874,Munchies,Popular Essentials Dry Dates (Kharak),14000,15,6,11800,250,FALSE,250
875,Munchies,Maggi Magic Cubes Extra Chicken,4000,2,6,3900,48,FALSE,48
876,"Dairy, Bread & Batter",Amul Fresh Cream,19700,3,3,19100,1000,FALSE,1
877,Munchies,Satyam Nighties Spices  Chilli Kashmiri,10200,6,6,9500,100,FALSE,100
878,"Dairy, Bread & Batter",Epigamia Natural Greek Yogurt,4500,0,6,4500,90,FALSE,90
879,Munchies,Cornitos Cornitos Taco Shells - 4 Inches,11000,20,6,8800,80,FALSE,80
880,Munchies,Eastern Cumin Powder,4900,2,6,4800,100,FALSE,100
881,Munchies,Popular Essentials Urad Gola White(Un-Polished),9000,10,6,8100,500,FALSE,500
882,Munchies,Popular Essentials Kashmiri Red Rajma,9500,6,4,8900,500,FALSE,500
883,Munchies,Dabur Hommade - Garlic Paste,5000,6,6,4700,200,FALSE,200
884,Munchies,Dabur 100% Pure Honey,33000,10,1,29700,400,FALSE,400
885,Munchies,Everest Rajma Masala,3300,3,5,3200,50,FALSE,50
886,"Dairy, Bread & Batter",Mother Dairy Toned Milk Pouch,2500,0,4,2500,500,FALSE,500
887,Munchies,Eastern Tamarind,6300,0,6,6300,200,FALSE,200
888,Munchies,Popular Essentials White Til,4000,5,1,3800,100,FALSE,100
889,"Dairy, Bread & Batter",Mother Dairy Classic Curd,3000,3,6,2900,400,FALSE,400
890,Munchies,Amul Dark Compound Chocolate Slab,12500,2,6,12200,500,FALSE,500
891,Munchies,24 Mantra Organic Chana Dal,9500,6,5,8900,500,FALSE,500
892,Munchies,Cantina Beans Mexican Beans,25000,14,6,21300,410,FALSE,410
893,Munchies,Delight Nuts Cashew Roasted & Salted,42500,20,6,34000,200,FALSE,200
894,"Dairy, Bread & Batter",The Bake Shop Pizza Base,3000,0,1,3000,150,FALSE,150
895,Munchies,Popular Essentials Mace/Javitri,9000,10,3,8100,20,FALSE,20
896,Munchies,Pillsbury Oven Cake Mix - Vanilla,17500,10,6,15600,225,FALSE,225
897,"Dairy, Bread & Batter",Amul Delicious Fat Spread - Cholesterol Free,1800,5,6,1700,100,FALSE,100
898,Munchies,Hershey's Chocolate Milk Booster,20000,0,6,20000,450,FALSE,450
899,Munchies,Mothers Recipe Papad Chana Masala,7900,10,6,7100,200,FALSE,200
900,"Dairy, Bread & Batter",Mother Dairy Ultra Full Cream Milk,3100,0,4,3100,500,FALSE,500
901,Munchies,Hershey's Hot Chocolate Powder,21000,0,4,21000,250,FALSE,250
902,Munchies,Popular Essentials Byadagi Chilli Stemless,8000,0,6,8000,100,FALSE,100
903,"Dairy, Bread & Batter",D'lecta Dairy Cream,5400,5,6,5100,200,FALSE,200
904,Munchies,Happilo Premium Afghani Anjeer,36500,29,2,25600,200,FALSE,200
905,Munchies,Ching's Schezwan Masala Instant Noodles,6000,0,1,6000,240,FALSE,240
906,"Dairy, Bread & Batter",Amul Butter - Pasteurised,5000,2,6,4900,100,FALSE,100
907,"Dairy, Bread & Batter",RRO Mozzarella Pizza Cheese,27500,50,6,13700,200,FALSE,200
908,"Dairy, Bread & Batter",Nestle A+ Actiplus Probiotic Dahi Plain Curd,7800,3,5,7500,400,FALSE,400
909,Munchies,Popular Essentials Chiroti Sooji,3500,2,6,3400,500,FALSE,500
910,"Dairy, Bread & Batter",The Laughing Cow Cheese Cubes,15000,0,4,15000,200,FALSE,200
911,Munchies,Tata Sampann Moong Chilka ,8800,6,0,8200,500,TRUE,500
912,Munchies,RRO Til Dil Premium Til Oil Bottle,33000,10,5,29400,1000,FALSE,1
913,"Dairy, Bread & Batter",Yogabar 100% Pure Peanut Butter Creamy & Yummy Unsweetened,22900,10,6,20600,400,FALSE,400
914,Cooking Essentials,Dhara Nourish Refined Sunflower Oil Pouch,21000,5,6,19900,1000,FALSE,1
915,Munchies,Tata Sampann High Protien Toor Dal - Split,9100,2,0,8900,500,TRUE,500
916,Cooking Essentials,Parachute Oil ,4000,7,3,3700,100,FALSE,100
917,Munchies,Popular Essentials Red Rajma,9000,10,6,8100,500,FALSE,500
918,"Dairy, Bread & Batter",RRO Burrata Cheese,25000,50,4,12500,200,FALSE,200
919,Cooking Essentials,Popular Essentials Sabudana,6000,10,0,5400,500,TRUE,500
920,Munchies,Ching's Chow Mein Hakka Noodles Masala,1000,0,0,1000,20,TRUE,20
921,Cooking Essentials,Popular Essentials Plain Puffed Rice (Murmura/Muri),1800,0,6,1800,100,FALSE,100
922,"Dairy, Bread & Batter",The Whole Truth Dark Chocolate Peanut Butter - Crunchy,23500,20,5,18800,325,FALSE,325
923,Cooking Essentials,The Bake Shop Bread Crumbs,5000,6,3,4700,400,FALSE,400
924,"Dairy, Bread & Batter",Go Cheese Processed Squares,12500,5,6,11800,200,FALSE,200
925,Cooking Essentials,Amul Mithai Mate Condensed Sweetened Milk,5600,3,4,5400,200,FALSE,200
926,Munchies,Cornitos Peanut - Premium Salted ,12000,10,6,10800,150,FALSE,150
927,Munchies,Everest Chat Masala,6500,9,0,5900,100,TRUE,100
928,Cooking Essentials,Popular Essentials Brown Sugar,4000,0,0,4000,500,TRUE,500
929,Munchies,Popular Essentials Black Brown Chana (Un-Polished),5500,9,0,5000,500,TRUE,500
930,Munchies,Suhana Spice Mix - Chicken Biryani,6600,0,6,6600,50,FALSE,50
931,Cooking Essentials,Popular Essentials Horse Gram,4000,10,4,3600,500,FALSE,500
932,"Dairy, Bread & Batter",Funfoods Peanut Butter Crunchy,16900,7,1,15600,400,FALSE,400
933,Cooking Essentials,Everest Coriander Powder,7000,10,0,6300,200,TRUE,200
934,Munchies,Dabur Ginger Garlic Paste,5000,6,0,4700,200,TRUE,200
935,Munchies,Amul Milk Compound Chocolate Slab,11000,2,6,10700,500,FALSE,500
936,Cooking Essentials,Sunfeast Yippee! Magic Masala Noodles,4800,6,0,4500,240,TRUE,240
937,Munchies,Popular Essentials Black Pepper,10000,10,5,9000,100,FALSE,100
938,Munchies,Dlicia Whip Topping Bottle,23500,27,5,17100,1000,FALSE,1
939,"Dairy, Bread & Batter",Britannia Sandwich White Bread,3300,0,4,3300,350,FALSE,350
940,Munchies,Ching's Secret Veg Hakka Noodles,10700,0,0,10700,600,TRUE,600
941,"Dairy, Bread & Batter",Bio Nutrients Pure Diet Tofu Gold ,6000,5,5,5700,200,FALSE,200
942,Munchies,Praakritik Organic Yellow Moon Dal,13500,0,6,13500,500,FALSE,500
943,Munchies,24 Mantra Organic Tur Dal - Split,13000,7,6,12000,500,FALSE,500
944,Cooking Essentials,Hershey's Chocolate Syrup,9500,0,4,9500,200,FALSE,200
945,"Dairy, Bread & Batter",Amul Delicious Fat Spread - Cholesterol Free,8800,2,2,8600,500,FALSE,500
946,Cooking Essentials,Tata Tea Gold,3500,0,0,3500,100,TRUE,200
947,Munchies,Sugarfree Gold Low Calorie Sweetner,6500,6,3,6100,110,FALSE,100
948,Munchies,Eastern Chicken Masala,7000,7,3,6500,100,FALSE,100
949,Munchies,Ching's Secret Paneer Chilli Masala,1000,0,2,1000,20,FALSE,20
950,Cooking Essentials,Saffola Gold (Jar),124000,0,6,124000,5000,FALSE,5
951,Munchies,Mother's Recipe Paste Ginger & Garlic,7600,10,4,6800,300,FALSE,300
952,"Dairy, Bread & Batter",iD Curd Pouch,3500,2,6,3400,400,FALSE,400
953,Munchies,Saffola Oats 100 % Natural,1500,0,0,1500,38,TRUE,38
954,Munchies,24 Mantra Groundnut Oil (Cold Pressed) Pet Bottle,41000,10,6,36900,1000,FALSE,1
955,Munchies,Maggi Magic Cubes Extra Chicken,19900,10,6,17900,240,FALSE,240
956,Munchies,Everest Kashmiri Lal Chilli Powder,31000,10,0,27900,500,TRUE,500
957,Munchies,Epicurea Sushi Rice,29500,0,6,29500,500,FALSE,500
958,Cooking Essentials,Daawat Rozana Gold Basmati Rice,9000,1,0,8900,1000,TRUE,1
959,Munchies,Sugarfree Natural Green Stevia Leaves Zero Calorie,7500,0,2,7500,100,FALSE,100
960,Munchies,Popular Essentials Black Raisins Seedless,6000,10,0,5400,100,TRUE,100
961,Munchies,Smith & Jones Italian Spices Masala Mix,9900,0,6,9900,75,FALSE,75
962,Cooking Essentials,McCain New Mini Samosa with Cheese Pizza Style Filling,12000,1,3,11800,240,FALSE,240
963,Munchies,Daawat Rozana Super Basmati Rice,7900,0,0,7900,1000,TRUE,1
964,Munchies,Satyam Pulses Masur Dal,8700,6,6,8100,500,FALSE,500
965,Cooking Essentials,Top Ramen Masala,9100,9,0,8200,560,TRUE,560
966,Munchies,Everest Cumin Powder (Jeera),3000,3,0,2900,50,TRUE,50
967,Cooking Essentials,Fortune Rice Bran Health Oil (Jar),105000,1,6,103900,5000,FALSE,5
968,Munchies,Everest Sambhar Masala,3400,2,0,3300,50,TRUE,50
969,Beverages,Britannia Pav,2200,0,4,2200,250,FALSE,250
970,Beverages,Amul Butter - Pasteurised,24500,2,6,24000,500,FALSE,500
971,"Dairy, Bread & Batter",iD Idli & Dosa Batter ,8000,15,6,6800,1000,FALSE,1
972,Cooking Essentials,Everest Turmeric Powder,6700,10,0,6000,200,TRUE,200
973,Munchies,Dhara Filtered Groundnut Oil (Jar),105000,0,2,105000,5000,FALSE,5
974,Beverages,Arden Eggs White,9700,0,4,9700,696,FALSE,12
975,Munchies,Maggi Chilly Chow Cuppa Noodles,5000,0,0,5000,70,TRUE,70
976,Beverages,Arden Eggs White,6500,15,4,5500,348,FALSE,6
977,"Dairy, Bread & Batter",Britannia 100% Whole Wheat Bread,4500,0,4,4500,450,FALSE,450
978,Munchies,Popular Essentials Mustard Seeds Rai Big,2000,0,0,2000,100,TRUE,100
979,Munchies,24 Mantra Sona Masuri Brown Rice,47500,10,6,42300,5000,FALSE,5
980,"Dairy, Bread & Batter",Britannia Healthy Slice Sandwich Bread,4000,0,4,4000,450,FALSE,450
981,Munchies,Patanjali Cow's Ghee,56500,0,0,56500,1000,TRUE,1
982,Munchies,Everest Amchur Powder,4200,2,0,4100,50,TRUE,50
983,"Dairy, Bread & Batter",Gowardhan Classic Block Fresh Paneer,8900,8,6,8100,200,FALSE,200
984,Munchies,Daawat Super Basmati Rice,18500,8,0,16900,1000,TRUE,1
985,Munchies,Ching's Schezwan Fried Rice(Miracle Masala),4400,0,5,4400,60,FALSE,60
986,Beverages,Nestle A+ Nourish Dahi,3500,2,6,3400,200,FALSE,200
987,Munchies,Popular Essentials Sabudana,6000,10,0,5400,500,TRUE,500
988,Beverages,Britannia Burger Bun with Sesame Seed,1500,0,4,1500,100,FALSE,100
989,Beverages,Amul Frozen Malai Paneer,7500,2,6,7300,200,FALSE,200
990,Beverages,iD Natural Paneer,10500,5,6,9900,200,FALSE,200
991,"Dairy, Bread & Batter",Amul Mithai Mate Condensed Sweetened Milk,5600,3,4,5400,200,FALSE,200
992,Munchies,Popular Essentials Brown Sugar,4000,0,0,4000,500,TRUE,500
993,Munchies,Popular Essentials Methi Seeds,2500,0,5,2500,100,FALSE,100
994,"Dairy, Bread & Batter",Amul Processed Cheese Cubes,10600,4,6,10100,200,FALSE,200
995,Beverages,Britannia Fruit Bun,1700,0,3,1700,100,FALSE,100
996,Munchies,Satyam Nighties Spices  Chilli Bore,8900,10,6,8000,100,FALSE,100
997,Beverages,Amul Cheese - Processed Slices,12200,1,6,12000,200,FALSE,200
998,Munchies,Saffola Yummy Masala Noodles ,2000,0,2,2000,46,FALSE,46
999,Munchies,Weikfield Veg Jelly Crystals - Orange,4500,2,6,4400,90,FALSE,90
1000,Beverages,iD Curd Cup,6000,0,6,6000,400,FALSE,400
